entryId,roomNo,60:63:4c:31:37:40_CSE-303,30:b5:c2:ea:5b:44_DataLab@BUET,18:0f:76:c3:06:8d_CSE-304,00:22:b0:05:f3:bc_CSE-204,bc:22:28:21:09:21_CSE-205,36:20:f9:a1:88:62_CSE OFFICE,36:20:f9:a1:88:56_CSE OFFICE,bc:22:28:21:09:24_CSE-205,36:62:f9:a1:88:63_CSE OFFICE,bc:22:28:21:55:6b_CSE-104,34:e8:94:10:7d:fa_Hall of Fame,36:20:f9:a1:8b:8e_CSE OFFICE,36:20:f9:a1:8b:8e_CSE OFFICE,5e:a9:31:22:bb:0a_CSE-LAB,bc:22:28:21:55:6e_CSE-104,bc:22:28:21:09:ba_CSE-206,26:2f:d0:88:39:a2_IAC,36:62:f9:a1:88:57_CSE OFFICE,60:63:4c:31:37:60_CSE-306,10:62:eb:77:b7:42_CSE-G04,00:1e:2a:ba:c8:20_CSE-401,70:4c:a5:95:b6:00_BUET-Free-WiFi,60:63:4c:31:37:48_dlink
1,203,-51.33,-71.0,-48.62,-61.88,-72.61,-90.0,-59.86,-90.0,-86.24,-74.94,-84.0,-90.0,-90.0,-90.0,-68.83,-70.0,-62.0,-80.56,-86.0,-90.0,-90.0,-85.0,-90.0
2,204,-90.0,-61.0,-90.0,-90.0,-90.0,-90.0,-90.0,-90.0,-90.0,-90.0,-90.0,-90.0,-90.0,-90.0,-90.0,-90.0,-90.0,-90.0,-90.0,-90.0,-90.0,-90.0,-90.0
3,204,-58.0,-90.0,-90.0,-90.0,-90.0,-90.0,-90.0,-90.0,-90.0,-90.0,-90.0,-90.0,-90.0,-90.0,-90.0,-90.0,-90.0,-90.0,-90.0,-90.0,-90.0,-90.0,-90.0
4,204,-90.0,-71.0,-58.0,-58.0,-54.0,-90.0,-90.0,-90.0,-82.0,-83.0,-90.0,-90.0,-90.0,-90.0,-90.0,-90.0,-90.0,-90.0,-59.0,-90.0,-90.0,-90.0,-90.0
5,204,-66.0,-74.0,-55.0,-62.0,-61.0,-55.0,-76.0,-59.0,-86.0,-89.0,-90.0,-90.0,-90.0,-90.0,-74.5,-90.0,-90.0,-90.0,-69.0,-90.0,-90.0,-90.0,-90.0
6,CSE 204,-62.67,-59.33,-90.0,-64.0,-58.2,-63.0,-69.5,-53.0,-83.0,-87.0,-67.0,-90.0,-90.0,-67.0,-90.0,-90.0,-90.0,-90.0,-90.0,-90.0,-90.0,-90.0,-90.0
7,CSE 204,-66.33,-78.0,-56.0,-61.12,-78.0,-68.0,-64.33,-68.0,-95.78,-87.83,-90.0,-90.0,-90.0,-71.0,-74.0,-80.0,-90.0,-87.92,-90.0,-90.0,-90.0,-90.0,-87.72
8,CSE 205,-60.14,-67.09,-49.14,-54.0,-72.18,-59.0,-54.64,-90.0,-83.4,-77.0,-65.0,-90.0,-90.0,-67.67,-90.0,-74.0,-56.0,-79.82,-90.0,-90.0,-90.0,-90.0,-82.91
9,CSE203,-54.55,-69.2,-65.0,-74.0,-60.17,-65.29,-90.0,-52.71,-87.0,-91.5,-90.0,-71.0,-71.0,-90.0,-90.0,-90.0,-90.0,-90.0,-90.0,-70.0,-90.0,-90.0,-90.0
10,CSE203,-65.9,-67.32,-68.71,-67.45,-59.26,-67.8,-73.56,-57.05,-84.84,-85.15,-79.0,-79.0,-79.0,-80.0,-79.0,-85.86,-90.0,-90.0,-90.0,-80.0,-79.0,-90.0,-83.2
11,CSE203,-51.0,-74.0,-90.0,-90.0,-67.2,-90.0,-90.0,-90.0,-90.0,-90.0,-90.0,-90.0,-90.0,-90.0,-80.0,-90.0,-90.0,-90.0,-90.0,-90.0,-90.0,-90.0,-79.25
12,CSE203,-71.0,-72.62,-74.5,-69.8,-63.05,-69.5,-82.0,-60.08,-91.0,-95.0,-90.0,-81.33,-81.33,-83.0,-90.0,-90.0,-90.0,-90.0,-90.0,-72.67,-90.0,-90.0,-90.0
13,CSE203,-80.33,-74.0,-78.0,-90.0,-73.5,-76.5,-87.0,-69.45,-95.88,-90.0,-90.0,-81.0,-81.0,-90.0,-90.0,-94.0,-90.0,-90.0,-94.0,-78.75,-85.5,-90.0,-94.8
14,CSE203,-64.12,-66.0,-69.5,-64.0,-57.75,-66.0,-73.0,-68.86,-91.0,-91.0,-71.0,-83.0,-83.0,-75.0,-90.0,-90.0,-90.0,-88.0,-90.0,-90.0,-90.0,-90.0,-90.0
15,CSE203,-60.46,-69.78,-62.8,-74.0,-57.89,-67.0,-77.8,-56.05,-84.07,-88.0,-90.0,-74.0,-74.0,-76.0,-90.0,-90.0,-90.0,-90.0,-90.0,-68.0,-90.0,-90.0,-90.0
16,CSE203,-55.67,-66.17,-60.56,-65.6,-54.32,-61.33,-76.67,-50.62,-80.88,-80.2,-80.33,-75.0,-75.0,-90.0,-73.13,-72.0,-90.0,-90.0,-81.8,-59.67,-83.8,-87.25,-81.21
17,CSE203,-70.64,-71.33,-76.0,-68.78,-56.4,-67.8,-90.0,-61.0,-91.0,-95.0,-90.0,-77.0,-77.0,-90.0,-90.0,-81.0,-90.0,-90.0,-90.0,-90.0,-90.0,-90.0,-87.6
18,CSE203,-61.56,-73.6,-68.86,-69.56,-64.4,-69.15,-74.67,-64.4,-90.0,-90.0,-90.0,-78.44,-78.44,-90.0,-90.0,-85.0,-90.0,-90.0,-86.0,-76.0,-86.0,-90.0,-90.0
19,CSE203,-63.0,-78.0,-90.0,-90.0,-65.0,-90.0,-90.0,-90.0,-90.0,-90.0,-90.0,-90.0,-90.0,-90.0,-90.0,-90.0,-90.0,-90.0,-90.0,-90.0,-90.0,-90.0,-83.0
20,CSE203,-59.0,-67.38,-64.6,-75.54,-63.29,-63.11,-90.0,-57.44,-83.3,-90.0,-77.0,-82.0,-82.0,-90.0,-90.0,-90.0,-90.0,-90.0,-85.0,-90.0,-90.0,-90.0,-90.0
21,CSE203,-79.0,-72.0,-74.0,-70.1,-66.82,-74.0,-74.0,-68.82,-90.0,-90.0,-90.0,-81.0,-81.0,-90.0,-90.0,-90.0,-90.0,-90.0,-90.0,-70.0,-90.0,-90.0,-90.0
22,CSE203,-59.5,-64.12,-60.0,-66.22,-61.84,-67.43,-90.0,-54.89,-83.74,-90.0,-74.0,-73.0,-73.0,-90.0,-90.0,-90.0,-76.0,-90.0,-86.0,-90.0,-90.0,-90.0,-90.0
23,CSE203,-51.88,-73.0,-67.0,-70.75,-57.5,-60.8,-90.0,-53.15,-86.78,-85.83,-90.0,-75.0,-75.0,-90.0,-77.0,-73.0,-90.0,-90.0,-84.5,-64.0,-90.0,-90.0,-90.0
24,CSE203,-65.92,-68.53,-74.0,-64.67,-50.83,-69.08,-75.78,-63.3,-89.8,-91.23,-79.29,-85.0,-85.0,-90.0,-80.72,-90.0,-90.0,-90.0,-88.18,-75.0,-85.53,-90.0,-90.0
25,CSE203,-90.0,-72.67,-77.0,-90.0,-57.06,-67.67,-79.0,-63.17,-90.0,-90.0,-90.0,-81.5,-81.5,-90.0,-84.0,-90.0,-90.0,-90.0,-90.0,-90.0,-90.0,-90.0,-88.22
26,CSE203,-64.85,-60.85,-70.67,-67.75,-49.8,-67.0,-76.0,-53.0,-81.0,-86.0,-80.0,-72.5,-72.5,-72.5,-90.0,-90.0,-75.0,-92.0,-86.0,-69.5,-78.0,-90.0,-90.0
27,CSE203,-54.83,-65.73,-59.0,-62.23,-90.0,-65.92,-66.4,-63.06,-90.0,-90.0,-76.4,-81.0,-81.0,-69.33,-68.8,-76.0,-68.75,-90.0,-78.67,-90.0,-81.0,-90.0,-90.0
28,CSE203,-53.0,-72.27,-68.5,-68.67,-90.0,-64.38,-76.5,-56.0,-90.0,-90.0,-78.0,-73.5,-73.5,-81.0,-75.0,-88.0,-73.0,-90.0,-81.0,-66.6,-84.2,-90.0,-90.0
29,CSE203,-65.14,-73.69,-67.0,-80.0,-50.7,-66.79,-77.0,-55.63,-86.21,-82.33,-86.0,-77.5,-77.5,-90.0,-90.0,-90.0,-90.0,-90.0,-55.0,-90.0,-88.0,-90.0,-87.45
30,CSE203,-55.0,-75.5,-47.35,-61.65,-77.1,-60.18,-59.4,-90.0,-87.55,-76.25,-71.15,-90.0,-90.0,-62.0,-69.64,-83.0,-65.6,-78.0,-90.0,-90.0,-90.0,-80.29,-90.0
31,CSE203,-69.12,-72.67,-71.0,-72.5,-62.38,-63.67,-79.0,-55.45,-83.92,-90.0,-87.0,-90.0,-90.0,-90.0,-90.0,-90.0,-79.0,-90.0,-90.0,-90.0,-85.0,-90.0,-90.0
32,CSE204,-52.12,-74.0,-51.0,-54.12,-74.0,-61.0,-48.0,-74.0,-84.44,-78.75,-68.5,-81.0,-81.0,-57.67,-90.0,-90.0,-60.0,-70.24,-90.0,-90.0,-90.0,-89.0,-90.0
33,CSE204,-67.0,-77.5,-90.0,-58.75,-70.31,-65.2,-55.4,-69.5,-84.67,-80.4,-70.0,-75.0,-75.0,-90.0,-75.67,-90.0,-66.0,-62.63,-90.0,-90.0,-90.0,-90.0,-83.05
34,CSE204,-63.0,-68.5,-62.2,-54.11,-74.89,-64.0,-47.56,-74.0,-85.06,-83.0,-63.88,-90.0,-90.0,-60.0,-90.0,-76.0,-54.0,-66.75,-90.0,-90.0,-90.0,-84.0,-90.0
35,CSE204,-65.0,-84.0,-67.5,-64.16,-90.0,-77.0,-58.44,-85.0,-90.0,-90.0,-78.12,-90.0,-90.0,-68.0,-83.67,-95.0,-70.5,-90.0,-90.0,-90.0,-90.0,-90.0,-90.0
36,CSE204,-65.2,-78.4,-69.0,-48.1,-70.83,-90.0,-52.92,-77.5,-96.73,-87.47,-76.33,-90.0,-90.0,-66.55,-78.0,-78.0,-69.33,-74.6,-90.0,-90.0,-90.0,-91.0,-90.0
37,CSE204,-61.82,-70.0,-48.17,-60.6,-82.84,-67.0,-59.88,-90.0,-89.23,-83.94,-71.14,-90.0,-90.0,-63.0,-70.75,-90.0,-90.0,-78.45,-90.0,-90.0,-90.0,-90.0,-90.0
38,CSE204,-62.0,-76.5,-52.0,-68.3,-86.0,-90.0,-62.4,-90.0,-89.0,-81.5,-68.0,-90.0,-90.0,-68.4,-90.0,-90.0,-63.33,-80.33,-90.0,-90.0,-90.0,-75.0,-90.0
39,CSE204,-53.5,-66.5,-48.4,-58.38,-75.65,-64.29,-64.92,-69.86,-83.79,-70.2,-70.45,-77.6,-77.6,-62.0,-64.0,-69.0,-53.5,-80.78,-82.5,-90.0,-90.0,-80.0,-90.0
40,CSE204,-66.88,-76.67,-48.21,-61.78,-76.27,-67.27,-63.42,-71.67,-85.5,-85.88,-74.57,-83.0,-83.0,-73.6,-69.0,-89.5,-69.17,-85.06,-85.0,-90.0,-96.0,-91.0,-90.0
41,CSE204,-58.0,-90.0,-56.0,-90.0,-75.25,-71.0,-66.33,-68.5,-83.0,-77.25,-90.0,-89.0,-89.0,-71.0,-68.67,-79.0,-71.75,-89.0,-94.0,-90.0,-90.0,-90.0,-90.0
42,CSE204,-65.86,-75.6,-50.94,-63.0,-74.67,-72.1,-62.22,-69.5,-83.83,-85.35,-71.5,-90.0,-90.0,-68.86,-72.6,-90.0,-90.0,-82.95,-90.0,-90.0,-90.0,-87.0,-84.35
43,CSE204,-63.25,-90.0,-53.5,-66.67,-75.5,-67.0,-58.0,-69.0,-89.0,-72.5,-90.0,-66.33,-66.33,-67.0,-70.5,-66.33,-90.0,-82.5,-61.0,-90.0,-90.0,-90.0,-90.0
44,CSE204,-62.21,-65.17,-61.33,-58.94,-76.68,-70.6,-55.05,-72.11,-92.67,-81.93,-62.33,-83.0,-83.0,-62.67,-63.67,-79.0,-68.75,-71.13,-85.5,-90.0,-89.0,-84.0,-90.0
45,CSE204,-65.75,-79.0,-49.06,-70.11,-87.73,-69.0,-59.33,-79.5,-93.79,-74.11,-73.7,-90.0,-90.0,-72.5,-66.3,-90.0,-78.0,-95.0,-90.0,-77.0,-90.0,-89.0,-90.0
46,CSE204,-61.2,-68.31,-52.94,-67.89,-90.0,-77.0,-65.0,-78.0,-90.0,-90.0,-71.77,-81.0,-81.0,-70.5,-74.6,-74.5,-73.5,-90.0,-90.0,-73.5,-88.0,-90.0,-90.0
47,CSE204,-61.4,-76.56,-55.69,-59.08,-75.0,-67.6,-61.22,-74.11,-83.76,-75.0,-71.47,-70.5,-70.5,-63.33,-62.05,-76.0,-61.64,-82.0,-82.67,-74.0,-86.86,-84.09,-76.84
48,CSE204,-68.0,-76.5,-59.5,-67.86,-82.6,-90.0,-63.8,-65.0,-87.0,-87.0,-76.5,-76.0,-76.0,-90.0,-72.0,-90.0,-62.0,-89.4,-81.0,-90.0,-90.0,-90.0,-90.0
49,Outside,-54.5,-57.07,-67.0,-49.59,-90.0,-60.39,-62.67,-58.84,-90.0,-90.0,-64.39,-73.0,-73.0,-65.53,-64.38,-69.0,-90.0,-90.0,-72.0,-90.0,-77.0,-90.0,-90.0
50,Outside,-63.25,-80.0,-63.0,-67.8,-71.6,-54.5,-74.5,-71.33,-82.78,-82.56,-90.0,-75.0,-75.0,-75.0,-90.0,-70.6,-72.0,-88.22,-90.0,-90.0,-90.0,-90.0,-90.0
51,SBH,,,,,,,,,,,,,,,,,,,,,,,
52,cse 203,-61.79,-64.07,-68.67,-70.27,-90.0,-66.5,-77.0,-65.89,-90.0,-90.0,-78.0,-86.0,-86.0,-63.5,-86.5,-86.0,-90.0,-90.0,-90.0,-70.0,-78.0,-90.0,-90.0
53,cse 203,-71.0,-75.67,-71.67,-78.0,-66.35,-67.0,-83.0,-63.8,-88.46,-83.67,-90.0,-90.0,-90.0,-90.0,-76.67,-87.0,-90.0,-92.0,-90.0,-90.0,-90.0,-90.0,-90.0
54,cse 203,-63.2,-72.75,-74.75,-77.08,-64.2,-70.4,-83.0,-62.05,-88.64,-83.67,-84.0,-81.0,-81.0,-90.0,-70.0,-73.5,-81.0,-90.0,-80.0,-69.0,-85.5,-90.0,-90.0
55,cse204,-65.0,-75.0,-50.0,-55.0,-72.33,-63.0,-50.67,-90.0,-90.0,-84.0,-68.0,-90.0,-90.0,-64.0,-90.0,-82.0,-90.0,-76.0,-90.0,-90.0,-90.0,-90.0,-90.0
