entryId,numOfScans,macAddress,ssid,countOfMac,avgStrength,stdDev,avgStrengthNoOutliers,countNoOutliers,stdDevNoOutliers
1,20,30:b5:c2:ea:5b:44,DataLab@BUET,3,-64.0,3.56,-64.0,3,3.56
1,20,00:22:b0:05:f3:bc,CSE-204,2,-72.0,0.0,-72.0,2,0.0
1,20,36:20:f9:a1:88:62,CSE OFFICE,1,-68.0,0.0,-68.0,1,0.0
1,20,60:63:4c:31:37:40,CSE-303,18,-63.11,0.99,-63.0,11,0.0
1,20,18:0f:76:c3:06:8d,CSE-304,1,-70.0,0.0,-70.0,1,0.0
1,20,36:62:f9:a1:88:57,CSE OFFICE,16,-91.62,0.6,-91.62,16,0.6
1,20,36:62:f9:a1:88:63,CSE OFFICE,17,-86.94,0.64,-87.0,13,0.0
2,18,30:b5:c2:ea:5b:44,DataLab@BUET,17,-62.88,1.94,-62.88,17,1.94
2,18,00:22:b0:05:f3:bc,CSE-204,12,-66.67,3.22,-68.0,10,0.0
2,18,36:20:f9:a1:88:62,CSE OFFICE,2,-69.0,1.0,-69.0,2,1.0
2,18,60:63:4c:31:37:40,CSE-303,17,-69.24,2.29,-69.24,17,2.29
2,18,36:62:f9:a1:88:63,CSE OFFICE,2,-87.0,0.0,-87.0,2,0.0
2,18,36:62:f9:a1:88:57,CSE OFFICE,1,-87.0,0.0,-87.0,1,0.0
2,18,36:20:f9:a1:88:56,CSE OFFICE,1,-68.0,0.0,-68.0,1,0.0
2,18,18:0f:76:c3:06:8d,CSE-304,3,-76.0,0.0,-76.0,3,0.0
3,18,36:20:f9:a1:88:62,CSE OFFICE,14,-59.5,2.95,-59.5,14,2.95
3,18,36:62:f9:a1:88:63,CSE OFFICE,17,-81.0,0.69,-81.0,9,0.0
3,18,60:63:4c:31:37:40,CSE-303,1,-54.0,0.0,-54.0,1,0.0
3,18,36:20:f9:a1:88:56,CSE OFFICE,9,-73.0,0.0,-73.0,9,0.0
3,18,18:0f:76:c3:06:8d,CSE-304,1,-66.0,0.0,-66.0,1,0.0
4,18,60:63:4c:31:37:40,CSE-303,17,-55.41,2.17,-55.41,17,2.17
4,18,00:22:b0:05:f3:bc,CSE-204,11,-60.55,0.99,-61.0,9,0.0
4,18,36:62:f9:a1:88:63,CSE OFFICE,13,-84.15,1.79,-84.0,9,0.0
4,18,18:0f:76:c3:06:8d,CSE-304,2,-64.5,2.5,-64.5,2,2.5
4,18,36:20:f9:a1:88:62,CSE OFFICE,8,-65.62,2.96,-65.62,8,2.96
4,18,36:20:f9:a1:88:56,CSE OFFICE,5,-69.0,2.0,-68.0,4,0.0
5,5,30:b5:c2:ea:5b:44,DataLab@BUET,4,-60.5,4.33,-60.5,4,4.33
5,5,36:62:f9:a1:88:63,CSE OFFICE,4,-85.5,2.6,-85.5,4,2.6
5,5,00:22:b0:05:f3:bc,CSE-204,1,-65.0,0.0,-65.0,1,0.0
5,5,60:63:4c:31:37:40,CSE-303,3,-63.0,0.0,-63.0,3,0.0
6,18,30:b5:c2:ea:5b:44,DataLab@BUET,16,-67.19,2.24,-67.19,16,2.24
6,18,60:63:4c:31:37:40,CSE-303,17,-70.59,3.07,-70.59,17,3.07
6,18,18:0f:76:c3:06:8d,CSE-304,4,-76.0,0.0,-76.0,4,0.0
6,18,36:20:f9:a1:88:56,CSE OFFICE,12,-76.17,1.72,-76.0,9,0.0
6,18,36:20:f9:a1:88:62,CSE OFFICE,11,-73.27,0.62,-73.0,9,0.0
6,18,36:62:f9:a1:88:63,CSE OFFICE,1,-87.0,0.0,-87.0,1,0.0
6,18,00:22:b0:05:f3:bc,CSE-204,1,-70.0,0.0,-70.0,1,0.0
7,18,36:62:f9:a1:88:63,CSE OFFICE,14,-91.07,1.44,-91.38,13,0.92
7,18,30:b5:c2:ea:5b:44,DataLab@BUET,15,-61.87,2.8,-61.87,15,2.8
7,18,60:63:4c:31:37:40,CSE-303,11,-64.45,2.31,-64.45,11,2.31
7,18,36:20:f9:a1:88:62,CSE OFFICE,1,-76.0,0.0,-76.0,1,0.0
7,18,36:62:f9:a1:88:57,CSE OFFICE,10,-89.8,2.18,-89.8,10,2.18
7,18,36:20:f9:a1:88:56,CSE OFFICE,1,-70.0,0.0,-70.0,1,0.0
7,18,00:22:b0:05:f3:bc,CSE-204,1,-76.0,0.0,-76.0,1,0.0
8,18,36:62:f9:a1:88:57,CSE OFFICE,3,-93.0,0.0,-93.0,3,0.0
8,18,00:22:b0:05:f3:bc,CSE-204,17,-63.18,3.03,-62.2,15,1.51
8,18,60:63:4c:31:37:40,CSE-303,3,-61.0,0.82,-61.0,3,0.82
8,18,36:62:f9:a1:88:63,CSE OFFICE,5,-90.2,1.6,-90.2,5,1.6
8,18,18:0f:76:c3:06:8d,CSE-304,10,-74.1,1.64,-74.1,10,1.64
8,18,36:20:f9:a1:88:56,CSE OFFICE,3,-63.0,0.0,-63.0,3,0.0
8,18,30:b5:c2:ea:5b:44,DataLab@BUET,5,-62.2,3.92,-62.2,5,3.92
8,18,36:20:f9:a1:88:62,CSE OFFICE,3,-69.0,0.0,-69.0,3,0.0
9,18,30:b5:c2:ea:5b:44,DataLab@BUET,12,-59.08,1.04,-59.0,10,0.0
9,18,36:62:f9:a1:88:63,CSE OFFICE,6,-90.67,2.49,-90.0,4,0.0
9,18,36:62:f9:a1:88:57,CSE OFFICE,6,-91.17,2.54,-91.17,6,2.54
9,18,60:63:4c:31:37:40,CSE-303,9,-73.0,0.0,-73.0,9,0.0
9,18,36:20:f9:a1:88:62,CSE OFFICE,1,-72.0,0.0,-72.0,1,0.0
9,18,00:22:b0:05:f3:bc,CSE-204,3,-61.0,4.32,-61.0,3,4.32
10,18,00:22:b0:05:f3:bc,CSE-204,18,-63.22,2.15,-63.22,18,2.15
10,18,60:63:4c:31:37:40,CSE-303,11,-63.91,1.44,-63.91,11,1.44
10,18,18:0f:76:c3:06:8d,CSE-304,5,-75.2,1.83,-75.2,5,1.83
10,18,30:b5:c2:ea:5b:44,DataLab@BUET,10,-62.3,3.87,-62.3,10,3.87
10,18,36:20:f9:a1:88:56,CSE OFFICE,3,-59.33,4.71,-59.33,3,4.71
10,18,36:62:f9:a1:88:63,CSE OFFICE,6,-87.83,1.86,-87.83,6,1.86
10,18,36:62:f9:a1:88:57,CSE OFFICE,6,-89.17,2.97,-89.17,6,2.97
10,18,bc:22:28:21:55:6e,CSE-104,1,-84.0,0.0,-84.0,1,0.0
11,18,00:22:b0:05:f3:bc,CSE-204,18,-71.33,3.5,-71.33,18,3.5
11,18,18:0f:76:c3:06:8d,CSE-304,18,-70.0,2.31,-69.0,15,0.63
11,18,36:62:f9:a1:88:63,CSE OFFICE,3,-83.0,0.0,-83.0,3,0.0
12,18,36:62:f9:a1:88:63,CSE OFFICE,18,-88.94,1.54,-88.33,15,0.7
12,18,60:63:4c:31:37:40,CSE-303,15,-62.53,2.58,-62.0,10,0.0
12,18,36:20:f9:a1:88:62,CSE OFFICE,10,-65.1,0.3,-65.0,9,0.0
12,18,36:62:f9:a1:88:57,CSE OFFICE,5,-90.0,1.1,-89.5,4,0.5
12,18,00:22:b0:05:f3:bc,CSE-204,11,-70.09,0.67,-70.0,9,0.0
12,18,18:0f:76:c3:06:8d,CSE-304,1,-74.0,0.0,-74.0,1,0.0
12,18,36:20:f9:a1:88:56,CSE OFFICE,9,-69.0,0.0,-69.0,9,0.0
13,18,60:63:4c:31:37:40,CSE-303,2,-57.0,1.0,-57.0,2,1.0
13,18,36:20:f9:a1:88:56,CSE OFFICE,5,-65.6,0.8,-66.0,4,0.0
13,18,36:62:f9:a1:88:63,CSE OFFICE,5,-87.2,2.04,-86.25,4,0.83
13,18,36:20:f9:a1:88:62,CSE OFFICE,8,-67.0,0.0,-67.0,8,0.0
14,18,30:b5:c2:ea:5b:44,DataLab@BUET,7,-69.71,1.16,-70.0,5,0.0
14,18,36:62:f9:a1:88:63,CSE OFFICE,7,-94.71,0.88,-94.8,5,0.4
14,18,36:20:f9:a1:88:56,CSE OFFICE,5,-80.6,2.8,-82.0,4,0.0
14,18,60:63:4c:31:37:40,CSE-303,5,-71.2,0.4,-71.0,4,0.0
15,18,60:63:4c:31:37:40,CSE-303,15,-61.6,2.3,-61.6,15,2.3
15,18,30:b5:c2:ea:5b:44,DataLab@BUET,3,-67.33,7.54,-67.33,3,7.54
15,18,36:62:f9:a1:88:63,CSE OFFICE,17,-89.47,0.85,-89.0,13,0.0
15,18,36:20:f9:a1:88:62,CSE OFFICE,2,-75.0,1.0,-75.0,2,1.0
15,18,00:22:b0:05:f3:bc,CSE-204,1,-79.0,0.0,-79.0,1,0.0
15,18,18:0f:76:c3:06:8d,CSE-304,2,-72.5,1.5,-72.5,2,1.5
15,18,36:20:f9:a1:88:56,CSE OFFICE,1,-81.0,0.0,-81.0,1,0.0
16,18,36:62:f9:a1:88:57,CSE OFFICE,6,-89.17,0.9,-89.17,6,0.9
16,18,36:62:f9:a1:88:63,CSE OFFICE,6,-91.33,1.7,-91.33,6,1.7
16,18,36:20:f9:a1:88:62,CSE OFFICE,5,-66.8,3.19,-66.8,5,3.19
16,18,60:63:4c:31:37:40,CSE-303,5,-60.2,1.47,-60.2,5,1.47
16,18,30:b5:c2:ea:5b:44,DataLab@BUET,7,-63.71,1.48,-63.71,7,1.48
16,18,bc:22:28:21:55:6e,CSE-104,4,-82.0,0.0,-82.0,4,0.0
16,18,36:20:f9:a1:88:56,CSE OFFICE,2,-73.0,0.0,-73.0,2,0.0
16,18,00:22:b0:05:f3:bc,CSE-204,4,-67.0,5.0,-67.0,4,5.0
16,18,18:0f:76:c3:06:8d,CSE-304,2,-74.0,0.0,-74.0,2,0.0
17,18,36:20:f9:a1:88:62,CSE OFFICE,5,-70.0,0.0,-70.0,5,0.0
17,18,18:0f:76:c3:06:8d,CSE-304,2,-70.0,0.0,-70.0,2,0.0
17,18,36:62:f9:a1:88:63,CSE OFFICE,4,-89.5,1.5,-89.5,4,1.5
17,18,30:b5:c2:ea:5b:44,DataLab@BUET,2,-67.0,2.0,-67.0,2,2.0
17,18,00:22:b0:05:f3:bc,CSE-204,1,-60.0,0.0,-60.0,1,0.0
17,18,36:62:f9:a1:88:57,CSE OFFICE,1,-92.0,0.0,-92.0,1,0.0
17,18,60:63:4c:31:37:40,CSE-303,9,-58.11,0.31,-58.0,8,0.0
18,11,36:62:f9:a1:88:57,CSE OFFICE,11,-87.82,0.39,-88.0,9,0.0
18,11,36:62:f9:a1:88:63,CSE OFFICE,10,-87.0,0.45,-87.0,8,0.0
19,18,36:20:f9:a1:88:56,CSE OFFICE,8,-66.38,2.87,-66.38,8,2.87
19,18,30:b5:c2:ea:5b:44,DataLab@BUET,3,-68.0,4.08,-68.0,3,4.08
19,18,36:62:f9:a1:88:57,CSE OFFICE,5,-92.4,0.8,-92.0,4,0.0
19,18,36:62:f9:a1:88:63,CSE OFFICE,6,-92.17,0.9,-92.0,4,0.0
19,18,60:63:4c:31:37:40,CSE-303,15,-65.4,3.63,-65.4,15,3.63
20,18,36:20:f9:a1:88:62,CSE OFFICE,4,-67.75,3.9,-67.75,4,3.9
20,18,60:63:4c:31:37:40,CSE-303,10,-70.4,1.8,-71.0,9,0.0
20,18,36:62:f9:a1:88:63,CSE OFFICE,15,-88.53,0.96,-88.53,15,0.96
20,18,36:62:f9:a1:88:57,CSE OFFICE,10,-89.6,1.2,-90.0,9,0.0
20,18,30:b5:c2:ea:5b:44,DataLab@BUET,9,-69.0,0.0,-69.0,9,0.0
20,18,00:22:b0:05:f3:bc,CSE-204,10,-58.8,2.4,-58.0,9,0.0
20,18,18:0f:76:c3:06:8d,CSE-304,1,-69.0,0.0,-69.0,1,0.0
21,18,60:63:4c:31:37:40,CSE-303,14,-55.5,2.75,-55.5,14,2.75
21,18,36:20:f9:a1:88:62,CSE OFFICE,12,-65.58,0.95,-65.82,11,0.57
21,18,36:62:f9:a1:88:63,CSE OFFICE,17,-90.35,2.08,-90.35,17,2.08
21,18,18:0f:76:c3:06:8d,CSE-304,9,-69.0,1.41,-69.0,7,0.0
21,18,00:22:b0:05:f3:bc,CSE-204,1,-69.0,0.0,-69.0,1,0.0
22,18,36:62:f9:a1:88:63,CSE OFFICE,2,-85.5,0.5,-85.5,2,0.5
22,18,60:63:4c:31:37:40,CSE-303,5,-55.0,0.63,-55.0,3,0.0
22,18,30:b5:c2:ea:5b:44,DataLab@BUET,1,-64.0,0.0,-64.0,1,0.0
22,18,bc:22:28:21:55:6e,CSE-104,1,-76.0,0.0,-76.0,1,0.0
23,18,36:20:f9:a1:88:56,CSE OFFICE,2,-67.0,1.0,-67.0,2,1.0
23,18,36:20:f9:a1:88:62,CSE OFFICE,7,-63.0,1.6,-63.0,7,1.6
23,18,60:63:4c:31:37:40,CSE-303,11,-60.82,0.57,-61.0,10,0.0
23,18,36:62:f9:a1:88:63,CSE OFFICE,18,-87.94,2.82,-87.94,18,2.82
23,18,00:22:b0:05:f3:bc,CSE-204,9,-78.0,0.0,-78.0,9,0.0
23,18,18:0f:76:c3:06:8d,CSE-304,9,-65.0,0.0,-65.0,9,0.0
23,18,30:b5:c2:ea:5b:44,DataLab@BUET,1,-71.0,0.0,-71.0,1,0.0
24,18,36:62:f9:a1:88:63,CSE OFFICE,18,-91.39,1.92,-91.39,18,1.92
24,18,36:20:f9:a1:88:62,CSE OFFICE,6,-62.5,6.42,-59.8,5,2.4
24,18,30:b5:c2:ea:5b:44,DataLab@BUET,1,-69.0,0.0,-69.0,1,0.0
24,18,bc:22:28:21:55:6e,CSE-104,1,-84.0,0.0,-84.0,1,0.0
25,18,30:b5:c2:ea:5b:44,DataLab@BUET,5,-63.6,0.8,-64.0,4,0.0
25,18,36:62:f9:a1:88:63,CSE OFFICE,14,-89.57,1.55,-90.0,13,0.0
25,18,60:63:4c:31:37:40,CSE-303,1,-62.0,0.0,-62.0,1,0.0
25,18,36:20:f9:a1:88:56,CSE OFFICE,1,-72.0,0.0,-72.0,1,0.0
25,18,36:20:f9:a1:88:62,CSE OFFICE,1,-58.0,0.0,-58.0,1,0.0
26,18,36:20:f9:a1:88:62,CSE OFFICE,14,-58.0,2.1,-58.83,12,0.37
26,18,60:63:4c:31:37:40,CSE-303,6,-50.83,2.03,-50.83,6,2.03
26,18,36:62:f9:a1:88:63,CSE OFFICE,12,-86.0,0.0,-86.0,12,0.0
26,18,18:0f:76:c3:06:8d,CSE-304,3,-59.0,0.82,-59.0,3,0.82
26,18,00:22:b0:05:f3:bc,CSE-204,12,-71.17,2.76,-72.0,11,0.0
27,18,36:20:f9:a1:88:62,CSE OFFICE,2,-54.5,0.5,-54.5,2,0.5
27,18,36:62:f9:a1:88:63,CSE OFFICE,15,-78.33,1.14,-78.0,11,0.0
27,18,60:63:4c:31:37:40,CSE-303,3,-55.67,0.47,-55.67,3,0.47
28,18,36:20:f9:a1:88:62,CSE OFFICE,1,-64.0,0.0,-64.0,1,0.0
28,18,60:63:4c:31:37:40,CSE-303,12,-66.0,3.19,-66.0,9,0.0
28,18,36:62:f9:a1:88:63,CSE OFFICE,11,-87.91,0.29,-88.0,10,0.0
28,18,18:0f:76:c3:06:8d,CSE-304,1,-69.0,0.0,-69.0,1,0.0
29,18,36:62:f9:a1:88:63,CSE OFFICE,6,-84.0,2.83,-84.0,6,2.83
29,18,30:b5:c2:ea:5b:44,DataLab@BUET,2,-68.0,1.0,-68.0,2,1.0
29,18,60:63:4c:31:37:40,CSE-303,1,-62.0,0.0,-62.0,1,0.0
29,18,18:0f:76:c3:06:8d,CSE-304,1,-69.0,0.0,-69.0,1,0.0
29,18,00:22:b0:05:f3:bc,CSE-204,1,-67.0,0.0,-67.0,1,0.0
29,18,36:62:f9:a1:88:57,CSE OFFICE,3,-91.0,0.0,-91.0,3,0.0
30,18,60:63:4c:31:37:40,CSE-303,18,-75.17,3.99,-75.17,18,3.99
30,18,36:62:f9:a1:88:63,CSE OFFICE,8,-88.0,3.28,-87.0,7,2.07
30,18,36:20:f9:a1:88:62,CSE OFFICE,5,-69.8,3.92,-69.8,5,3.92
30,18,18:0f:76:c3:06:8d,CSE-304,9,-78.0,0.0,-78.0,9,0.0
31,18,36:62:f9:a1:88:63,CSE OFFICE,9,-89.33,1.56,-89.33,9,1.56
31,18,36:20:f9:a1:88:62,CSE OFFICE,1,-63.0,0.0,-63.0,1,0.0
31,18,00:22:b0:05:f3:bc,CSE-204,4,-67.75,0.43,-67.75,4,0.43
31,18,18:0f:76:c3:06:8d,CSE-304,1,-71.0,0.0,-71.0,1,0.0
31,18,60:63:4c:31:37:40,CSE-303,9,-58.0,0.0,-58.0,9,0.0
31,18,36:62:f9:a1:88:57,CSE OFFICE,14,-94.43,0.9,-94.62,13,0.62
31,18,30:b5:c2:ea:5b:44,DataLab@BUET,3,-61.67,1.89,-61.67,3,1.89
32,18,36:20:f9:a1:88:62,CSE OFFICE,8,-62.25,2.99,-63.14,7,1.96
32,18,60:63:4c:31:37:40,CSE-303,8,-60.5,3.28,-61.71,7,0.7
32,18,00:22:b0:05:f3:bc,CSE-204,2,-69.5,0.5,-69.5,2,0.5
32,18,36:62:f9:a1:88:63,CSE OFFICE,7,-84.29,1.91,-84.29,7,1.91
32,18,30:b5:c2:ea:5b:44,DataLab@BUET,2,-70.5,1.5,-70.5,2,1.5
32,18,18:0f:76:c3:06:8d,CSE-304,1,-75.0,0.0,-75.0,1,0.0
33,18,36:20:f9:a1:88:56,CSE OFFICE,1,-77.0,0.0,-77.0,1,0.0
33,18,60:63:4c:31:37:40,CSE-303,14,-61.64,1.17,-61.09,11,0.29
33,18,36:62:f9:a1:88:63,CSE OFFICE,15,-88.53,1.31,-89.0,13,0.0
33,18,36:20:f9:a1:88:62,CSE OFFICE,2,-69.5,1.5,-69.5,2,1.5
33,18,18:0f:76:c3:06:8d,CSE-304,3,-70.0,2.16,-70.0,3,2.16
33,18,bc:22:28:21:55:6e,CSE-104,10,-81.0,0.0,-81.0,10,0.0
33,18,30:b5:c2:ea:5b:44,DataLab@BUET,5,-65.4,0.8,-65.0,4,0.0
34,18,60:63:4c:31:37:40,CSE-303,12,-64.67,1.55,-64.0,10,0.0
34,18,00:22:b0:05:f3:bc,CSE-204,1,-65.0,0.0,-65.0,1,0.0
34,18,36:62:f9:a1:88:63,CSE OFFICE,1,-87.0,0.0,-87.0,1,0.0
34,18,36:62:f9:a1:88:57,CSE OFFICE,1,-90.0,0.0,-90.0,1,0.0
34,18,bc:22:28:21:55:6e,CSE-104,1,-93.0,0.0,-93.0,1,0.0
34,18,30:b5:c2:ea:5b:44,DataLab@BUET,5,-67.2,2.4,-67.2,5,2.4
35,18,00:22:b0:05:f3:bc,CSE-204,17,-70.12,4.92,-70.12,17,4.92
35,18,18:0f:76:c3:06:8d,CSE-304,12,-68.58,3.59,-67.0,10,0.0
35,18,36:62:f9:a1:88:63,CSE OFFICE,10,-90.0,0.0,-90.0,10,0.0
35,18,36:62:f9:a1:88:57,CSE OFFICE,1,-88.0,0.0,-88.0,1,0.0
35,18,36:20:f9:a1:88:56,CSE OFFICE,5,-61.4,1.74,-61.4,5,1.74
35,18,30:b5:c2:ea:5b:44,DataLab@BUET,1,-71.0,0.0,-71.0,1,0.0
35,18,60:63:4c:31:37:40,CSE-303,5,-73.6,3.88,-75.5,4,0.87
36,18,60:63:4c:31:37:40,CSE-303,16,-56.44,1.94,-56.0,11,0.0
36,18,36:62:f9:a1:88:63,CSE OFFICE,18,-88.11,1.52,-88.11,18,1.52
36,18,36:20:f9:a1:88:62,CSE OFFICE,2,-65.5,2.5,-65.5,2,2.5
36,18,18:0f:76:c3:06:8d,CSE-304,11,-68.91,0.29,-69.0,10,0.0
36,18,30:b5:c2:ea:5b:44,DataLab@BUET,2,-68.0,4.0,-68.0,2,4.0
36,18,00:22:b0:05:f3:bc,CSE-204,3,-75.0,2.83,-75.0,3,2.83
36,18,bc:22:28:21:55:6e,CSE-104,1,-74.0,0.0,-74.0,1,0.0
37,18,60:63:4c:31:37:40,CSE-303,18,-49.94,2.22,-50.56,16,1.46
37,18,36:62:f9:a1:88:63,CSE OFFICE,2,-80.0,0.0,-80.0,2,0.0
37,18,30:b5:c2:ea:5b:44,DataLab@BUET,6,-67.0,0.0,-67.0,6,0.0
38,15,36:62:f9:a1:88:57,CSE OFFICE,11,-85.0,2.37,-86.0,9,0.0
38,15,60:63:4c:31:37:40,CSE-303,10,-68.8,3.6,-70.0,9,0.0
38,15,36:62:f9:a1:88:63,CSE OFFICE,14,-81.0,4.87,-81.0,14,4.87
38,15,36:20:f9:a1:88:56,CSE OFFICE,10,-73.3,2.1,-74.0,9,0.0
38,15,00:22:b0:05:f3:bc,CSE-204,5,-65.8,0.4,-66.0,4,0.0
38,15,bc:22:28:21:55:6e,CSE-104,14,-64.21,2.4,-63.77,13,1.85
38,15,36:20:f9:a1:88:62,CSE OFFICE,13,-68.31,5.54,-68.31,13,5.54
39,18,60:63:4c:31:37:40,CSE-303,7,-56.43,1.76,-57.0,6,1.15
39,18,30:b5:c2:ea:5b:44,DataLab@BUET,1,-70.0,0.0,-70.0,1,0.0
39,18,00:22:b0:05:f3:bc,CSE-204,17,-61.53,2.15,-61.94,16,1.43
39,18,bc:22:28:21:55:6e,CSE-104,14,-72.86,3.42,-72.86,14,3.42
39,18,36:20:f9:a1:88:62,CSE OFFICE,14,-65.79,1.7,-66.0,11,0.0
39,18,36:62:f9:a1:88:63,CSE OFFICE,18,-86.89,1.59,-86.89,18,1.59
39,18,36:62:f9:a1:88:57,CSE OFFICE,18,-85.5,2.67,-85.88,17,2.22
39,18,36:20:f9:a1:88:56,CSE OFFICE,14,-60.21,2.4,-59.0,11,0.0
39,18,18:0f:76:c3:06:8d,CSE-304,18,-55.11,4.05,-54.0,13,0.0
40,18,60:63:4c:31:37:40,CSE-303,18,-60.22,2.15,-60.22,18,2.15
40,18,36:20:f9:a1:88:62,CSE OFFICE,4,-66.25,3.63,-66.25,4,3.63
40,18,36:62:f9:a1:88:63,CSE OFFICE,18,-82.5,2.81,-81.4,15,1.45
40,18,36:62:f9:a1:88:57,CSE OFFICE,18,-85.17,2.06,-85.09,11,0.29
40,18,36:20:f9:a1:88:56,CSE OFFICE,17,-67.06,4.21,-67.06,17,4.21
40,18,00:22:b0:05:f3:bc,CSE-204,13,-66.85,2.68,-66.85,13,2.68
40,18,bc:22:28:21:55:6e,CSE-104,18,-67.39,2.31,-67.76,17,1.77
40,18,18:0f:76:c3:06:8d,CSE-304,16,-53.25,1.15,-53.38,13,0.49
41,18,00:22:b0:05:f3:bc,CSE-204,18,-56.67,5.09,-56.67,18,5.09
41,18,18:0f:76:c3:06:8d,CSE-304,18,-50.67,4.35,-49.71,17,1.84
41,18,36:62:f9:a1:88:57,CSE OFFICE,14,-76.43,1.55,-76.43,14,1.55
41,18,36:20:f9:a1:88:56,CSE OFFICE,6,-53.5,0.5,-53.5,6,0.5
41,18,60:63:4c:31:37:40,CSE-303,3,-55.0,0.0,-55.0,3,0.0
41,18,bc:22:28:21:55:6e,CSE-104,2,-58.0,0.0,-58.0,2,0.0
42,18,36:62:f9:a1:88:57,CSE OFFICE,17,-78.71,3.01,-78.83,12,0.69
42,18,36:20:f9:a1:88:56,CSE OFFICE,17,-62.53,2.15,-62.92,12,0.49
42,18,00:22:b0:05:f3:bc,CSE-204,16,-71.81,12.23,-71.81,16,12.23
42,18,60:63:4c:31:37:40,CSE-303,18,-62.39,7.35,-59.94,16,2.59
42,18,bc:22:28:21:55:6e,CSE-104,7,-77.57,3.29,-77.57,7,3.29
42,18,18:0f:76:c3:06:8d,CSE-304,14,-51.79,1.21,-52.0,9,0.0
42,18,36:62:f9:a1:88:63,CSE OFFICE,5,-83.8,3.49,-85.0,3,0.0
42,18,36:20:f9:a1:88:62,CSE OFFICE,4,-69.25,1.79,-69.25,4,1.79
42,18,30:b5:c2:ea:5b:44,DataLab@BUET,3,-78.67,4.71,-78.67,3,4.71
43,18,36:62:f9:a1:88:57,CSE OFFICE,18,-80.0,1.83,-80.0,18,1.83
43,18,00:22:b0:05:f3:bc,CSE-204,9,-55.89,5.36,-54.38,8,3.43
43,18,18:0f:76:c3:06:8d,CSE-304,12,-62.25,1.36,-63.0,9,0.0
43,18,36:20:f9:a1:88:62,CSE OFFICE,1,-75.0,0.0,-75.0,1,0.0
43,18,36:20:f9:a1:88:56,CSE OFFICE,8,-57.38,2.64,-58.0,5,0.0
43,18,36:62:f9:a1:88:63,CSE OFFICE,10,-92.7,0.9,-93.0,9,0.0
43,18,60:63:4c:31:37:40,CSE-303,4,-64.75,3.9,-64.75,4,3.9
43,18,30:b5:c2:ea:5b:44,DataLab@BUET,2,-70.0,1.0,-70.0,2,1.0
44,20,30:b5:c2:ea:5b:44,DataLab@BUET,1,-71.0,0.0,-71.0,1,0.0
44,20,60:63:4c:31:37:40,CSE-303,1,-63.0,0.0,-63.0,1,0.0
44,20,18:0f:76:c3:06:8d,CSE-304,1,-53.0,0.0,-53.0,1,0.0
44,20,00:22:b0:05:f3:bc,CSE-204,19,-55.89,0.45,-56.0,18,0.0
44,20,36:62:f9:a1:88:57,CSE OFFICE,18,-88.0,0.0,-88.0,18,0.0
45,18,36:62:f9:a1:88:57,CSE OFFICE,18,-82.72,2.4,-82.69,16,1.83
45,18,36:20:f9:a1:88:56,CSE OFFICE,18,-56.5,1.71,-56.07,14,0.46
45,18,bc:22:28:21:55:6e,CSE-104,17,-69.94,4.14,-69.94,17,4.14
45,18,36:20:f9:a1:88:62,CSE OFFICE,12,-63.5,2.6,-63.5,12,2.6
45,18,60:63:4c:31:37:40,CSE-303,17,-57.29,3.29,-57.29,17,3.29
45,18,18:0f:76:c3:06:8d,CSE-304,18,-51.28,9.17,-49.24,17,3.73
45,18,00:22:b0:05:f3:bc,CSE-204,17,-64.53,11.63,-64.53,17,11.63
45,18,36:62:f9:a1:88:63,CSE OFFICE,5,-87.0,1.26,-87.0,5,1.26
45,18,30:b5:c2:ea:5b:44,DataLab@BUET,2,-73.0,0.0,-73.0,2,0.0
46,18,00:22:b0:05:f3:bc,CSE-204,6,-60.0,6.93,-60.0,6,6.93
46,18,60:63:4c:31:37:40,CSE-303,1,-76.0,0.0,-76.0,1,0.0
46,18,36:20:f9:a1:88:56,CSE OFFICE,18,-52.72,3.63,-52.94,16,2.08
46,18,36:62:f9:a1:88:57,CSE OFFICE,17,-75.53,2.25,-75.62,13,0.62
46,18,30:b5:c2:ea:5b:44,DataLab@BUET,2,-71.5,1.5,-71.5,2,1.5
46,18,18:0f:76:c3:06:8d,CSE-304,3,-61.67,2.05,-61.67,3,2.05
47,18,36:62:f9:a1:88:63,CSE OFFICE,17,-86.76,0.88,-87.0,14,0.0
47,18,36:62:f9:a1:88:57,CSE OFFICE,18,-83.11,1.29,-82.87,15,0.62
47,18,36:20:f9:a1:88:56,CSE OFFICE,13,-63.38,3.93,-65.0,9,0.0
47,18,00:22:b0:05:f3:bc,CSE-204,7,-61.57,4.17,-61.57,7,4.17
47,18,bc:22:28:21:55:6e,CSE-104,3,-66.33,0.94,-66.33,3,0.94
47,18,18:0f:76:c3:06:8d,CSE-304,17,-52.53,0.98,-53.0,13,0.0
47,18,60:63:4c:31:37:40,CSE-303,14,-59.64,1.95,-59.64,14,1.95
48,18,36:62:f9:a1:88:57,CSE OFFICE,18,-69.28,1.45,-69.28,18,1.45
48,18,36:20:f9:a1:88:56,CSE OFFICE,18,-49.56,3.37,-47.86,14,0.99
48,18,bc:22:28:21:55:6e,CSE-104,5,-75.8,2.64,-74.5,4,0.5
48,18,60:63:4c:31:37:40,CSE-303,18,-73.89,2.13,-73.89,18,2.13
48,18,18:0f:76:c3:06:8d,CSE-304,10,-55.3,2.15,-55.3,10,2.15
48,18,36:62:f9:a1:88:63,CSE OFFICE,10,-92.0,2.32,-92.0,10,2.32
48,18,00:22:b0:05:f3:bc,CSE-204,9,-63.22,6.03,-63.22,9,6.03
48,18,36:20:f9:a1:88:62,CSE OFFICE,6,-74.83,0.37,-75.0,5,0.0
48,18,30:b5:c2:ea:5b:44,DataLab@BUET,3,-80.67,4.92,-80.67,3,4.92
49,18,60:63:4c:31:37:40,CSE-303,7,-58.0,4.47,-56.33,6,1.97
49,18,36:62:f9:a1:88:57,CSE OFFICE,9,-86.44,2.36,-86.44,9,2.36
49,18,36:20:f9:a1:88:56,CSE OFFICE,4,-62.25,6.53,-62.25,4,6.53
49,18,00:22:b0:05:f3:bc,CSE-204,3,-67.0,0.0,-67.0,3,0.0
49,18,bc:22:28:21:55:6e,CSE-104,1,-68.0,0.0,-68.0,1,0.0
49,18,18:0f:76:c3:06:8d,CSE-304,14,-56.86,1.81,-56.38,13,0.62
50,18,36:62:f9:a1:88:57,CSE OFFICE,16,-80.75,4.38,-80.07,15,3.6
50,18,36:20:f9:a1:88:56,CSE OFFICE,18,-63.28,2.28,-63.28,18,2.28
50,18,60:63:4c:31:37:40,CSE-303,15,-66.93,5.47,-66.93,15,5.47
50,18,36:20:f9:a1:88:62,CSE OFFICE,9,-73.33,3.62,-73.33,9,3.62
50,18,36:62:f9:a1:88:63,CSE OFFICE,9,-96.22,1.99,-96.22,9,1.99
50,18,bc:22:28:21:55:6e,CSE-104,7,-73.29,3.01,-73.29,7,3.01
50,18,30:b5:c2:ea:5b:44,DataLab@BUET,1,-65.0,0.0,-65.0,1,0.0
51,18,60:63:4c:31:37:40,CSE-303,7,-54.14,0.83,-54.0,5,0.0
51,18,36:20:f9:a1:88:62,CSE OFFICE,4,-63.0,0.0,-63.0,4,0.0
51,18,36:62:f9:a1:88:63,CSE OFFICE,14,-85.43,1.68,-85.43,14,1.68
51,18,36:62:f9:a1:88:57,CSE OFFICE,15,-83.13,1.31,-83.13,15,1.31
51,18,36:20:f9:a1:88:56,CSE OFFICE,9,-64.22,1.99,-64.22,9,1.99
51,18,18:0f:76:c3:06:8d,CSE-304,10,-43.8,3.31,-43.8,10,3.31
51,18,00:22:b0:05:f3:bc,CSE-204,8,-53.75,4.94,-53.75,8,4.94
52,5,36:62:f9:a1:88:57,CSE OFFICE,5,-83.0,0.0,-83.0,5,0.0
52,5,36:20:f9:a1:88:56,CSE OFFICE,5,-63.0,0.0,-63.0,5,0.0
52,5,00:22:b0:05:f3:bc,CSE-204,4,-60.0,0.0,-60.0,4,0.0
53,18,36:20:f9:a1:88:62,CSE OFFICE,18,-68.0,0.0,-68.0,18,0.0
53,18,60:63:4c:31:37:40,CSE-303,18,-62.0,0.0,-62.0,18,0.0
53,18,36:62:f9:a1:88:63,CSE OFFICE,18,-84.0,0.0,-84.0,18,0.0
53,18,36:62:f9:a1:88:57,CSE OFFICE,18,-85.0,0.0,-85.0,18,0.0
53,18,36:20:f9:a1:88:56,CSE OFFICE,18,-68.0,0.0,-68.0,18,0.0
53,18,bc:22:28:21:55:6e,CSE-104,18,-70.0,0.0,-70.0,18,0.0
54,18,36:62:f9:a1:88:57,CSE OFFICE,18,-74.06,4.13,-74.06,18,4.13
54,18,36:20:f9:a1:88:56,CSE OFFICE,18,-53.11,4.53,-52.31,13,1.26
54,18,00:22:b0:05:f3:bc,CSE-204,18,-51.56,6.16,-51.56,18,6.16
54,18,36:20:f9:a1:88:62,CSE OFFICE,1,-72.0,0.0,-72.0,1,0.0
54,18,60:63:4c:31:37:40,CSE-303,3,-65.0,3.74,-65.0,3,3.74
54,18,18:0f:76:c3:06:8d,CSE-304,7,-57.0,0.0,-57.0,7,0.0
54,18,bc:22:28:21:55:6e,CSE-104,1,-80.0,0.0,-80.0,1,0.0
55,18,36:62:f9:a1:88:57,CSE OFFICE,18,-80.61,0.68,-80.81,16,0.39
55,18,00:22:b0:05:f3:bc,CSE-204,4,-55.75,1.64,-55.75,4,1.64
55,18,36:20:f9:a1:88:62,CSE OFFICE,11,-53.45,1.44,-53.0,10,0.0
55,18,60:63:4c:31:37:40,CSE-303,6,-54.0,6.43,-54.0,6,6.43
55,18,18:0f:76:c3:06:8d,CSE-304,18,-45.22,1.08,-45.15,13,0.36
55,18,36:62:f9:a1:88:63,CSE OFFICE,18,-84.17,1.3,-84.17,18,1.3
55,18,36:20:f9:a1:88:56,CSE OFFICE,12,-56.08,0.64,-56.0,10,0.0
55,18,bc:22:28:21:55:6e,CSE-104,3,-64.67,2.36,-64.67,3,2.36
56,18,36:62:f9:a1:88:57,CSE OFFICE,17,-82.71,1.52,-82.0,14,0.0
56,18,00:22:b0:05:f3:bc,CSE-204,15,-57.87,2.06,-57.17,12,0.37
56,18,bc:22:28:21:55:6e,CSE-104,2,-66.5,1.5,-66.5,2,1.5
56,18,36:20:f9:a1:88:62,CSE OFFICE,1,-72.0,0.0,-72.0,1,0.0
56,18,60:63:4c:31:37:40,CSE-303,4,-64.5,4.39,-64.5,4,4.39
56,18,18:0f:76:c3:06:8d,CSE-304,13,-49.54,0.75,-49.54,13,0.75
56,18,36:20:f9:a1:88:56,CSE OFFICE,14,-56.93,1.98,-56.0,10,0.0
56,18,30:b5:c2:ea:5b:44,DataLab@BUET,2,-65.0,0.0,-65.0,2,0.0
56,18,36:62:f9:a1:88:63,CSE OFFICE,2,-82.0,0.0,-82.0,2,0.0
57,18,18:0f:76:c3:06:8d,CSE-304,9,-54.89,5.09,-54.89,9,5.09
57,18,60:63:4c:31:37:40,CSE-303,18,-59.94,3.24,-58.83,12,0.99
57,18,00:22:b0:05:f3:bc,CSE-204,18,-65.11,3.81,-65.11,18,3.81
57,18,36:20:f9:a1:88:62,CSE OFFICE,15,-64.2,1.17,-64.1,10,0.3
57,18,36:20:f9:a1:88:56,CSE OFFICE,16,-64.56,1.46,-65.0,11,0.0
57,18,bc:22:28:21:55:6e,CSE-104,13,-73.69,0.46,-73.69,13,0.46
57,18,30:b5:c2:ea:5b:44,DataLab@BUET,4,-68.0,0.0,-68.0,4,0.0
58,18,36:62:f9:a1:88:57,CSE OFFICE,18,-72.94,1.87,-72.94,18,1.87
58,18,00:22:b0:05:f3:bc,CSE-204,17,-51.82,1.46,-51.33,15,0.6
58,18,bc:22:28:21:55:6e,CSE-104,3,-74.67,1.25,-74.67,3,1.25
58,18,60:63:4c:31:37:40,CSE-303,11,-56.27,0.86,-56.0,10,0.0
58,18,36:62:f9:a1:88:63,CSE OFFICE,12,-92.08,0.28,-92.0,11,0.0
58,18,36:20:f9:a1:88:56,CSE OFFICE,14,-51.5,1.05,-51.0,11,0.0
58,18,36:20:f9:a1:88:62,CSE OFFICE,1,-73.0,0.0,-73.0,1,0.0
58,18,18:0f:76:c3:06:8d,CSE-304,3,-57.67,0.94,-57.67,3,0.94
59,11,36:62:f9:a1:88:57,CSE OFFICE,11,-87.82,0.39,-88.0,9,0.0
59,11,36:62:f9:a1:88:63,CSE OFFICE,10,-87.0,0.45,-87.0,8,0.0
60,18,36:20:f9:a1:88:56,CSE OFFICE,8,-66.38,2.87,-66.38,8,2.87
60,18,30:b5:c2:ea:5b:44,DataLab@BUET,3,-68.0,4.08,-68.0,3,4.08
60,18,36:62:f9:a1:88:57,CSE OFFICE,5,-92.4,0.8,-92.0,4,0.0
60,18,36:62:f9:a1:88:63,CSE OFFICE,6,-92.17,0.9,-92.0,4,0.0
60,18,60:63:4c:31:37:40,CSE-303,15,-65.4,3.63,-65.4,15,3.63
61,18,36:20:f9:a1:88:62,CSE OFFICE,4,-67.75,3.9,-67.75,4,3.9
61,18,60:63:4c:31:37:40,CSE-303,10,-70.4,1.8,-71.0,9,0.0
61,18,36:62:f9:a1:88:63,CSE OFFICE,15,-88.53,0.96,-88.53,15,0.96
61,18,36:62:f9:a1:88:57,CSE OFFICE,10,-89.6,1.2,-90.0,9,0.0
61,18,30:b5:c2:ea:5b:44,DataLab@BUET,9,-69.0,0.0,-69.0,9,0.0
61,18,00:22:b0:05:f3:bc,CSE-204,10,-58.8,2.4,-58.0,9,0.0
61,18,18:0f:76:c3:06:8d,CSE-304,1,-69.0,0.0,-69.0,1,0.0
62,18,60:63:4c:31:37:40,CSE-303,14,-55.5,2.75,-55.5,14,2.75
62,18,36:20:f9:a1:88:62,CSE OFFICE,12,-65.58,0.95,-65.82,11,0.57
62,18,36:62:f9:a1:88:63,CSE OFFICE,17,-90.35,2.08,-90.35,17,2.08
62,18,18:0f:76:c3:06:8d,CSE-304,9,-69.0,1.41,-69.0,7,0.0
62,18,00:22:b0:05:f3:bc,CSE-204,1,-69.0,0.0,-69.0,1,0.0
63,18,36:62:f9:a1:88:63,CSE OFFICE,2,-85.5,0.5,-85.5,2,0.5
63,18,60:63:4c:31:37:40,CSE-303,5,-55.0,0.63,-55.0,3,0.0
63,18,30:b5:c2:ea:5b:44,DataLab@BUET,1,-64.0,0.0,-64.0,1,0.0
63,18,bc:22:28:21:55:6e,CSE-104,1,-76.0,0.0,-76.0,1,0.0
64,18,36:20:f9:a1:88:56,CSE OFFICE,2,-67.0,1.0,-67.0,2,1.0
64,18,36:20:f9:a1:88:62,CSE OFFICE,7,-63.0,1.6,-63.0,7,1.6
64,18,60:63:4c:31:37:40,CSE-303,11,-60.82,0.57,-61.0,10,0.0
64,18,36:62:f9:a1:88:63,CSE OFFICE,18,-87.94,2.82,-87.94,18,2.82
64,18,00:22:b0:05:f3:bc,CSE-204,9,-78.0,0.0,-78.0,9,0.0
64,18,18:0f:76:c3:06:8d,CSE-304,9,-65.0,0.0,-65.0,9,0.0
64,18,30:b5:c2:ea:5b:44,DataLab@BUET,1,-71.0,0.0,-71.0,1,0.0
65,18,36:62:f9:a1:88:63,CSE OFFICE,18,-91.39,1.92,-91.39,18,1.92
65,18,36:20:f9:a1:88:62,CSE OFFICE,6,-62.5,6.42,-59.8,5,2.4
65,18,30:b5:c2:ea:5b:44,DataLab@BUET,1,-69.0,0.0,-69.0,1,0.0
65,18,bc:22:28:21:55:6e,CSE-104,1,-84.0,0.0,-84.0,1,0.0
66,18,30:b5:c2:ea:5b:44,DataLab@BUET,5,-63.6,0.8,-64.0,4,0.0
66,18,36:62:f9:a1:88:63,CSE OFFICE,14,-89.57,1.55,-90.0,13,0.0
66,18,60:63:4c:31:37:40,CSE-303,1,-62.0,0.0,-62.0,1,0.0
66,18,36:20:f9:a1:88:56,CSE OFFICE,1,-72.0,0.0,-72.0,1,0.0
66,18,36:20:f9:a1:88:62,CSE OFFICE,1,-58.0,0.0,-58.0,1,0.0
67,18,36:20:f9:a1:88:62,CSE OFFICE,14,-58.0,2.1,-58.83,12,0.37
67,18,60:63:4c:31:37:40,CSE-303,6,-50.83,2.03,-50.83,6,2.03
67,18,36:62:f9:a1:88:63,CSE OFFICE,12,-86.0,0.0,-86.0,12,0.0
67,18,18:0f:76:c3:06:8d,CSE-304,3,-59.0,0.82,-59.0,3,0.82
67,18,00:22:b0:05:f3:bc,CSE-204,12,-71.17,2.76,-72.0,11,0.0
68,18,36:20:f9:a1:88:62,CSE OFFICE,2,-54.5,0.5,-54.5,2,0.5
68,18,36:62:f9:a1:88:63,CSE OFFICE,15,-78.33,1.14,-78.0,11,0.0
68,18,60:63:4c:31:37:40,CSE-303,3,-55.67,0.47,-55.67,3,0.47
69,18,36:20:f9:a1:88:62,CSE OFFICE,1,-64.0,0.0,-64.0,1,0.0
69,18,60:63:4c:31:37:40,CSE-303,12,-66.0,3.19,-66.0,9,0.0
69,18,36:62:f9:a1:88:63,CSE OFFICE,11,-87.91,0.29,-88.0,10,0.0
69,18,18:0f:76:c3:06:8d,CSE-304,1,-69.0,0.0,-69.0,1,0.0
70,18,36:62:f9:a1:88:63,CSE OFFICE,6,-84.0,2.83,-84.0,6,2.83
70,18,30:b5:c2:ea:5b:44,DataLab@BUET,2,-68.0,1.0,-68.0,2,1.0
70,18,60:63:4c:31:37:40,CSE-303,1,-62.0,0.0,-62.0,1,0.0
70,18,18:0f:76:c3:06:8d,CSE-304,1,-69.0,0.0,-69.0,1,0.0
70,18,00:22:b0:05:f3:bc,CSE-204,1,-67.0,0.0,-67.0,1,0.0
70,18,36:62:f9:a1:88:57,CSE OFFICE,3,-91.0,0.0,-91.0,3,0.0
71,18,60:63:4c:31:37:40,CSE-303,18,-75.17,3.99,-75.17,18,3.99
71,18,36:62:f9:a1:88:63,CSE OFFICE,8,-88.0,3.28,-87.0,7,2.07
71,18,36:20:f9:a1:88:62,CSE OFFICE,5,-69.8,3.92,-69.8,5,3.92
71,18,18:0f:76:c3:06:8d,CSE-304,9,-78.0,0.0,-78.0,9,0.0
72,18,36:62:f9:a1:88:63,CSE OFFICE,9,-89.33,1.56,-89.33,9,1.56
72,18,36:20:f9:a1:88:62,CSE OFFICE,1,-63.0,0.0,-63.0,1,0.0
72,18,00:22:b0:05:f3:bc,CSE-204,4,-67.75,0.43,-67.75,4,0.43
72,18,18:0f:76:c3:06:8d,CSE-304,1,-71.0,0.0,-71.0,1,0.0
72,18,60:63:4c:31:37:40,CSE-303,9,-58.0,0.0,-58.0,9,0.0
72,18,36:62:f9:a1:88:57,CSE OFFICE,14,-94.43,0.9,-94.62,13,0.62
72,18,30:b5:c2:ea:5b:44,DataLab@BUET,3,-61.67,1.89,-61.67,3,1.89
73,18,36:20:f9:a1:88:62,CSE OFFICE,8,-62.25,2.99,-63.14,7,1.96
73,18,60:63:4c:31:37:40,CSE-303,8,-60.5,3.28,-61.71,7,0.7
73,18,00:22:b0:05:f3:bc,CSE-204,2,-69.5,0.5,-69.5,2,0.5
73,18,36:62:f9:a1:88:63,CSE OFFICE,7,-84.29,1.91,-84.29,7,1.91
73,18,30:b5:c2:ea:5b:44,DataLab@BUET,2,-70.5,1.5,-70.5,2,1.5
73,18,18:0f:76:c3:06:8d,CSE-304,1,-75.0,0.0,-75.0,1,0.0
74,18,36:20:f9:a1:88:56,CSE OFFICE,1,-77.0,0.0,-77.0,1,0.0
74,18,60:63:4c:31:37:40,CSE-303,14,-61.64,1.17,-61.09,11,0.29
74,18,36:62:f9:a1:88:63,CSE OFFICE,15,-88.53,1.31,-89.0,13,0.0
74,18,36:20:f9:a1:88:62,CSE OFFICE,2,-69.5,1.5,-69.5,2,1.5
74,18,18:0f:76:c3:06:8d,CSE-304,3,-70.0,2.16,-70.0,3,2.16
74,18,bc:22:28:21:55:6e,CSE-104,10,-81.0,0.0,-81.0,10,0.0
74,18,30:b5:c2:ea:5b:44,DataLab@BUET,5,-65.4,0.8,-65.0,4,0.0
75,18,60:63:4c:31:37:40,CSE-303,12,-64.67,1.55,-64.0,10,0.0
75,18,00:22:b0:05:f3:bc,CSE-204,1,-65.0,0.0,-65.0,1,0.0
75,18,36:62:f9:a1:88:63,CSE OFFICE,1,-87.0,0.0,-87.0,1,0.0
75,18,36:62:f9:a1:88:57,CSE OFFICE,1,-90.0,0.0,-90.0,1,0.0
75,18,bc:22:28:21:55:6e,CSE-104,1,-93.0,0.0,-93.0,1,0.0
75,18,30:b5:c2:ea:5b:44,DataLab@BUET,5,-67.2,2.4,-67.2,5,2.4
76,18,00:22:b0:05:f3:bc,CSE-204,17,-70.12,4.92,-70.12,17,4.92
76,18,18:0f:76:c3:06:8d,CSE-304,12,-68.58,3.59,-67.0,10,0.0
76,18,36:62:f9:a1:88:63,CSE OFFICE,10,-90.0,0.0,-90.0,10,0.0
76,18,36:62:f9:a1:88:57,CSE OFFICE,1,-88.0,0.0,-88.0,1,0.0
76,18,36:20:f9:a1:88:56,CSE OFFICE,5,-61.4,1.74,-61.4,5,1.74
76,18,30:b5:c2:ea:5b:44,DataLab@BUET,1,-71.0,0.0,-71.0,1,0.0
76,18,60:63:4c:31:37:40,CSE-303,5,-73.6,3.88,-75.5,4,0.87
77,18,36:62:f9:a1:88:57,CSE OFFICE,17,-74.29,2.42,-74.0,10,0.0
77,18,36:20:f9:a1:88:56,CSE OFFICE,18,-50.33,3.92,-48.29,14,0.8
77,18,00:22:b0:05:f3:bc,CSE-204,18,-53.94,2.53,-54.53,15,0.81
77,18,60:63:4c:31:37:40,CSE-303,16,-70.94,1.68,-71.0,13,0.0
77,18,36:62:f9:a1:88:63,CSE OFFICE,2,-95.5,1.5,-95.5,2,1.5
77,18,30:b5:c2:ea:5b:44,DataLab@BUET,2,-74.0,8.0,-74.0,2,8.0
77,18,18:0f:76:c3:06:8d,CSE-304,2,-63.5,2.5,-63.5,2,2.5
77,18,bc:22:28:21:55:6e,CSE-104,3,-70.0,0.0,-70.0,3,0.0
78,18,36:20:f9:a1:88:56,CSE OFFICE,11,-68.55,3.0,-67.9,10,2.3
78,18,30:b5:c2:ea:5b:44,DataLab@BUET,17,-55.59,2.87,-55.59,17,2.87
78,18,00:22:b0:05:f3:bc,CSE-204,17,-63.88,3.97,-63.8,10,0.98
78,18,18:0f:76:c3:06:8d,CSE-304,5,-73.2,2.71,-74.0,3,0.0
78,18,36:62:f9:a1:88:57,CSE OFFICE,5,-84.0,0.0,-84.0,5,0.0
78,18,60:63:4c:31:37:40,CSE-303,8,-71.5,1.94,-71.5,8,1.94
78,18,36:20:f9:a1:88:62,CSE OFFICE,1,-70.0,0.0,-70.0,1,0.0
79,5,30:b5:c2:ea:5b:44,DataLab@BUET,4,-52.0,0.0,-52.0,4,0.0
79,5,00:22:b0:05:f3:bc,CSE-204,5,-64.4,1.74,-64.4,5,1.74
79,5,60:63:4c:31:37:40,CSE-303,2,-66.5,5.5,-66.5,2,5.5
79,5,18:0f:76:c3:06:8d,CSE-304,1,-74.0,0.0,-74.0,1,0.0
80,20,36:20:f9:a1:88:62,CSE OFFICE,17,-60.29,3.27,-60.29,17,3.27
80,20,30:b5:c2:ea:5b:44,DataLab@BUET,15,-79.4,4.13,-79.85,13,2.07
80,20,18:0f:76:c3:06:8d,CSE-304,11,-73.27,2.18,-73.27,11,2.18
80,20,bc:22:28:21:55:6e,CSE-104,12,-81.0,2.71,-82.0,10,1.0
80,20,00:22:b0:05:f3:bc,CSE-204,20,-79.55,4.81,-79.55,20,4.81
80,20,60:63:4c:31:37:40,CSE-303,12,-77.17,2.64,-77.17,12,2.64
80,20,36:20:f9:a1:88:56,CSE OFFICE,1,-83.0,0.0,-83.0,1,0.0
81,20,36:20:f9:a1:88:62,CSE OFFICE,17,-55.53,7.68,-53.31,13,0.61
81,20,18:0f:76:c3:06:8d,CSE-304,9,-69.89,2.23,-69.89,9,2.23
81,20,00:22:b0:05:f3:bc,CSE-204,20,-73.5,3.51,-73.5,20,3.51
81,20,30:b5:c2:ea:5b:44,DataLab@BUET,9,-73.22,2.94,-72.38,8,1.8
81,20,bc:22:28:21:55:6e,CSE-104,14,-78.79,1.42,-78.79,14,1.42
81,20,60:63:4c:31:37:40,CSE-303,9,-69.89,0.99,-69.89,9,0.99
81,20,36:20:f9:a1:88:56,CSE OFFICE,3,-82.0,0.82,-82.0,3,0.82
82,20,36:20:f9:a1:88:62,CSE OFFICE,18,-59.56,2.5,-59.56,18,2.5
82,20,00:22:b0:05:f3:bc,CSE-204,20,-69.4,4.82,-68.17,18,3.15
82,20,bc:22:28:21:55:6e,CSE-104,6,-81.67,1.89,-82.4,5,1.02
82,20,60:63:4c:31:37:40,CSE-303,11,-65.36,2.31,-65.36,11,2.31
82,20,18:0f:76:c3:06:8d,CSE-304,15,-68.4,2.06,-68.4,15,2.06
82,20,30:b5:c2:ea:5b:44,DataLab@BUET,8,-77.75,4.24,-77.75,8,4.24
82,20,36:20:f9:a1:88:56,CSE OFFICE,3,-82.67,0.94,-82.67,3,0.94
83,13,36:62:f9:a1:88:63,CSE OFFICE,9,-75.44,1.83,-75.44,9,1.83
83,13,00:22:b0:05:f3:bc,CSE-204,5,-65.6,7.61,-66.0,3,0.0
83,13,60:63:4c:31:37:40,CSE-303,2,-68.5,0.5,-68.5,2,0.5
83,13,bc:22:28:21:55:6e,CSE-104,4,-75.25,1.3,-75.25,4,1.3
83,13,36:20:f9:a1:88:62,CSE OFFICE,7,-55.14,2.29,-56.0,6,1.0
83,13,18:0f:76:c3:06:8d,CSE-304,6,-61.0,1.0,-61.0,6,1.0
83,13,36:20:f9:a1:88:56,CSE OFFICE,3,-68.0,0.0,-68.0,3,0.0
83,13,30:b5:c2:ea:5b:44,DataLab@BUET,4,-81.5,0.87,-81.5,4,0.87
84,20,36:20:f9:a1:88:62,CSE OFFICE,14,-67.64,6.33,-65.45,11,0.99
84,20,18:0f:76:c3:06:8d,CSE-304,19,-58.16,1.39,-58.16,19,1.39
84,20,36:20:f9:a1:88:56,CSE OFFICE,20,-65.8,1.5,-66.17,18,1.07
84,20,bc:22:28:21:55:6e,CSE-104,15,-69.8,1.17,-69.8,10,0.4
84,20,00:22:b0:05:f3:bc,CSE-204,20,-73.75,3.28,-73.75,20,3.28
84,20,60:63:4c:31:37:40,CSE-303,14,-69.07,1.22,-69.07,14,1.22
84,20,30:b5:c2:ea:5b:44,DataLab@BUET,8,-80.12,1.54,-80.12,8,1.54
85,20,36:20:f9:a1:88:62,CSE OFFICE,17,-49.35,1.19,-49.27,15,0.57
85,20,18:0f:76:c3:06:8d,CSE-304,20,-59.4,1.91,-59.16,19,1.63
85,20,60:63:4c:31:37:40,CSE-303,18,-63.11,1.85,-63.11,18,1.85
85,20,00:22:b0:05:f3:bc,CSE-204,20,-69.05,5.88,-69.05,20,5.88
85,20,36:20:f9:a1:88:56,CSE OFFICE,14,-71.21,4.68,-69.5,12,1.26
85,20,bc:22:28:21:55:6e,CSE-104,14,-79.93,1.49,-79.93,14,1.49
85,20,30:b5:c2:ea:5b:44,DataLab@BUET,1,-88.0,0.0,-88.0,1,0.0
86,20,00:22:b0:05:f3:bc,CSE-204,20,-70.8,5.78,-69.71,17,2.42
86,20,30:b5:c2:ea:5b:44,DataLab@BUET,6,-82.0,2.31,-81.0,5,0.63
86,20,bc:22:28:21:55:6e,CSE-104,9,-78.33,4.67,-78.33,9,4.67
86,20,36:20:f9:a1:88:62,CSE OFFICE,17,-67.0,3.88,-67.0,17,3.88
86,20,36:20:f9:a1:88:56,CSE OFFICE,15,-73.4,3.03,-73.4,15,3.03
86,20,60:63:4c:31:37:40,CSE-303,8,-72.5,3.87,-72.67,6,1.89
86,20,18:0f:76:c3:06:8d,CSE-304,12,-64.5,3.25,-64.5,12,3.25
87,2,00:22:b0:05:f3:bc,CSE-204,2,-62.0,0.0,-62.0,2,0.0
87,2,bc:22:28:21:55:6e,CSE-104,2,-62.0,0.0,-62.0,2,0.0
87,2,60:63:4c:31:37:40,CSE-303,1,-50.0,0.0,-50.0,1,0.0
87,2,36:20:f9:a1:88:56,CSE OFFICE,1,-69.0,0.0,-69.0,1,0.0
87,2,36:62:f9:a1:88:63,CSE OFFICE,1,-86.0,0.0,-86.0,1,0.0
88,17,60:63:4c:31:37:40,CSE-303,7,-49.57,3.16,-50.67,6,1.8
88,17,36:62:f9:a1:88:57,CSE OFFICE,14,-78.86,3.54,-78.86,14,3.54
88,17,00:22:b0:05:f3:bc,CSE-204,17,-53.18,6.19,-54.25,16,4.59
88,17,18:0f:76:c3:06:8d,CSE-304,17,-61.53,2.85,-61.53,17,2.85
88,17,30:b5:c2:ea:5b:44,DataLab@BUET,10,-56.2,2.04,-56.2,10,2.04
88,17,36:62:f9:a1:88:63,CSE OFFICE,7,-83.0,0.76,-83.0,7,0.76
88,17,36:20:f9:a1:88:56,CSE OFFICE,3,-56.33,0.47,-56.33,3,0.47
88,17,bc:22:28:21:55:6e,CSE-104,1,-71.0,0.0,-71.0,1,0.0
89,18,60:63:4c:31:37:40,CSE-303,12,-57.75,2.42,-57.18,11,1.59
89,18,36:62:f9:a1:88:57,CSE OFFICE,12,-82.67,1.75,-82.67,12,1.75
89,18,00:22:b0:05:f3:bc,CSE-204,18,-55.72,5.26,-55.72,18,5.26
89,18,18:0f:76:c3:06:8d,CSE-304,18,-67.06,2.04,-67.06,18,2.04
89,18,30:b5:c2:ea:5b:44,DataLab@BUET,14,-55.21,3.03,-55.21,14,3.03
89,18,bc:22:28:21:55:6e,CSE-104,2,-68.5,0.5,-68.5,2,0.5
89,18,36:20:f9:a1:88:56,CSE OFFICE,7,-62.29,1.91,-62.29,7,1.91
90,18,36:62:f9:a1:88:63,CSE OFFICE,10,-73.6,2.42,-73.6,10,2.42
90,18,00:22:b0:05:f3:bc,CSE-204,18,-65.56,6.83,-65.56,18,6.83
90,18,18:0f:76:c3:06:8d,CSE-304,18,-57.17,3.2,-57.17,18,3.2
90,18,bc:22:28:21:55:6e,CSE-104,6,-61.5,3.73,-61.5,6,3.73
90,18,30:b5:c2:ea:5b:44,DataLab@BUET,4,-68.25,2.49,-68.25,4,2.49
90,18,60:63:4c:31:37:40,CSE-303,6,-56.33,2.21,-57.2,5,1.17
90,18,36:20:f9:a1:88:62,CSE OFFICE,5,-53.4,1.85,-53.4,5,1.85
91,18,36:62:f9:a1:88:63,CSE OFFICE,16,-78.25,3.01,-78.25,16,3.01
91,18,36:20:f9:a1:88:56,CSE OFFICE,4,-58.75,3.03,-58.75,4,3.03
91,18,00:22:b0:05:f3:bc,CSE-204,18,-61.56,2.29,-61.56,18,2.29
91,18,18:0f:76:c3:06:8d,CSE-304,18,-55.06,3.81,-54.53,17,3.22
91,18,60:63:4c:31:37:40,CSE-303,11,-50.55,3.06,-50.55,11,3.06
91,18,bc:22:28:21:55:6e,CSE-104,6,-61.17,1.57,-61.17,6,1.57
91,18,36:20:f9:a1:88:62,CSE OFFICE,2,-59.0,2.0,-59.0,2,2.0
91,18,36:62:f9:a1:88:57,CSE OFFICE,3,-82.0,0.82,-82.0,3,0.82
91,18,30:b5:c2:ea:5b:44,DataLab@BUET,2,-65.5,2.5,-65.5,2,2.5
92,20,60:63:4c:31:37:40,CSE-303,20,-57.4,4.54,-57.4,20,4.54
92,20,18:0f:76:c3:06:8d,CSE-304,15,-54.0,4.55,-53.11,9,0.57
92,20,bc:22:28:21:55:6e,CSE-104,17,-67.18,6.16,-66.0,16,4.09
92,20,00:22:b0:05:f3:bc,CSE-204,20,-66.5,5.57,-66.5,20,5.57
92,20,36:20:f9:a1:88:62,CSE OFFICE,19,-57.47,8.47,-56.33,18,7.14
92,20,30:b5:c2:ea:5b:44,DataLab@BUET,9,-71.11,3.11,-71.11,9,3.11
92,20,36:20:f9:a1:88:56,CSE OFFICE,8,-69.88,4.26,-69.88,8,4.26
93,20,18:0f:76:c3:06:8d,CSE-304,15,-61.6,2.27,-61.6,15,2.27
93,20,30:b5:c2:ea:5b:44,DataLab@BUET,19,-62.0,2.73,-62.0,19,2.73
93,20,00:22:b0:05:f3:bc,CSE-204,20,-63.4,4.2,-63.4,20,4.2
93,20,60:63:4c:31:37:40,CSE-303,17,-59.18,3.36,-59.62,16,2.93
93,20,36:20:f9:a1:88:56,CSE OFFICE,14,-69.21,2.43,-69.62,13,2.02
93,20,bc:22:28:21:55:6e,CSE-104,13,-70.62,2.1,-70.62,13,2.1
93,20,36:20:f9:a1:88:62,CSE OFFICE,10,-65.5,5.16,-66.78,9,3.64
94,20,30:b5:c2:ea:5b:44,DataLab@BUET,12,-55.75,2.55,-55.75,12,2.55
94,20,36:20:f9:a1:88:56,CSE OFFICE,11,-66.55,2.54,-67.2,10,1.54
94,20,60:63:4c:31:37:40,CSE-303,8,-61.12,1.62,-61.12,8,1.62
94,20,00:22:b0:05:f3:bc,CSE-204,18,-57.17,3.29,-57.17,18,3.29
94,20,bc:22:28:21:55:6e,CSE-104,5,-76.6,1.62,-76.6,5,1.62
94,20,36:20:f9:a1:88:62,CSE OFFICE,1,-71.0,0.0,-71.0,1,0.0
94,20,36:62:f9:a1:88:63,CSE OFFICE,7,-84.57,0.73,-84.57,7,0.73
94,20,36:62:f9:a1:88:57,CSE OFFICE,7,-84.0,0.76,-84.0,7,0.76
95,20,60:63:4c:31:37:40,CSE-303,20,-58.35,2.24,-58.47,15,0.72
95,20,36:20:f9:a1:88:62,CSE OFFICE,18,-53.61,1.06,-53.47,17,0.92
95,20,36:62:f9:a1:88:63,CSE OFFICE,17,-76.12,1.81,-75.69,16,0.58
95,20,00:22:b0:05:f3:bc,CSE-204,18,-66.44,1.5,-66.24,17,1.26
95,20,bc:22:28:21:55:6e,CSE-104,19,-56.0,3.01,-55.12,17,0.58
95,20,18:0f:76:c3:06:8d,CSE-304,16,-54.38,1.27,-54.38,16,1.27
95,20,30:b5:c2:ea:5b:44,DataLab@BUET,14,-59.93,3.75,-59.17,12,0.55
95,20,36:20:f9:a1:88:56,CSE OFFICE,18,-60.67,1.05,-60.67,18,1.05
95,20,36:62:f9:a1:88:57,CSE OFFICE,6,-85.17,1.07,-85.17,6,1.07
96,20,60:63:4c:31:37:40,CSE-303,20,-53.2,0.93,-53.32,19,0.8
96,20,30:b5:c2:ea:5b:44,DataLab@BUET,20,-56.8,1.69,-56.8,20,1.69
96,20,36:20:f9:a1:88:62,CSE OFFICE,9,-60.33,1.63,-60.33,9,1.63
96,20,36:62:f9:a1:88:63,CSE OFFICE,7,-82.57,1.18,-82.8,5,0.4
96,20,36:62:f9:a1:88:57,CSE OFFICE,10,-83.6,0.8,-83.6,10,0.8
96,20,36:20:f9:a1:88:56,CSE OFFICE,16,-59.25,2.05,-58.87,15,1.45
96,20,00:22:b0:05:f3:bc,CSE-204,20,-62.75,2.14,-62.75,20,2.14
96,20,bc:22:28:21:55:6e,CSE-104,20,-62.75,0.89,-62.63,19,0.74
96,20,18:0f:76:c3:06:8d,CSE-304,18,-55.0,0.88,-55.25,16,0.56
97,20,60:63:4c:31:37:40,CSE-303,14,-53.93,1.33,-53.93,14,1.33
97,20,30:b5:c2:ea:5b:44,DataLab@BUET,18,-61.22,1.9,-61.22,18,1.9
97,20,36:20:f9:a1:88:62,CSE OFFICE,11,-68.09,2.5,-68.09,11,2.5
97,20,36:62:f9:a1:88:63,CSE OFFICE,3,-85.0,0.0,-85.0,3,0.0
97,20,36:62:f9:a1:88:57,CSE OFFICE,20,-77.3,1.38,-76.94,18,0.91
97,20,36:20:f9:a1:88:56,CSE OFFICE,19,-55.21,4.3,-53.44,16,1.41
97,20,00:22:b0:05:f3:bc,CSE-204,20,-53.05,5.77,-53.05,20,5.77
97,20,bc:22:28:21:55:6e,CSE-104,19,-67.37,1.18,-67.15,13,0.36
97,20,18:0f:76:c3:06:8d,CSE-304,6,-63.83,2.19,-63.83,6,2.19
98,20,60:63:4c:31:37:40,CSE-303,12,-60.75,1.01,-61.0,7,0.0
98,20,30:b5:c2:ea:5b:44,DataLab@BUET,17,-55.24,2.88,-56.07,15,1.88
98,20,36:20:f9:a1:88:62,CSE OFFICE,3,-63.67,6.18,-63.67,3,6.18
98,20,36:62:f9:a1:88:63,CSE OFFICE,1,-87.0,0.0,-87.0,1,0.0
98,20,36:62:f9:a1:88:57,CSE OFFICE,19,-79.16,0.67,-79.0,13,0.0
98,20,36:20:f9:a1:88:56,CSE OFFICE,13,-60.46,3.86,-60.46,13,3.86
98,20,00:22:b0:05:f3:bc,CSE-204,19,-57.95,3.36,-58.5,18,2.48
98,20,bc:22:28:21:55:6e,CSE-104,13,-73.69,1.68,-73.69,13,1.68
98,20,18:0f:76:c3:06:8d,CSE-304,1,-64.0,0.0,-64.0,1,0.0
99,20,36:62:f9:a1:88:63,CSE OFFICE,15,-78.0,1.26,-78.21,14,1.01
99,20,00:22:b0:05:f3:bc,CSE-204,16,-67.0,2.87,-67.67,15,1.3
99,20,bc:22:28:21:55:6e,CSE-104,18,-51.0,1.6,-50.65,17,0.68
99,20,60:63:4c:31:37:40,CSE-303,11,-51.36,2.64,-51.36,11,2.64
99,20,30:b5:c2:ea:5b:44,DataLab@BUET,10,-63.8,1.83,-63.8,10,1.83
99,20,36:20:f9:a1:88:56,CSE OFFICE,8,-67.0,0.87,-67.0,5,0.0
99,20,18:0f:76:c3:06:8d,CSE-304,8,-57.0,2.0,-56.43,7,1.4
99,20,36:20:f9:a1:88:62,CSE OFFICE,8,-58.75,2.73,-58.75,8,2.73
99,20,36:62:f9:a1:88:57,CSE OFFICE,1,-85.0,0.0,-85.0,1,0.0
100,20,60:63:4c:31:37:40,CSE-303,15,-58.33,2.02,-57.93,14,1.39
100,20,30:b5:c2:ea:5b:44,DataLab@BUET,14,-58.29,1.71,-58.29,14,1.71
100,20,36:20:f9:a1:88:62,CSE OFFICE,10,-58.1,2.39,-57.44,9,1.42
100,20,36:62:f9:a1:88:63,CSE OFFICE,20,-74.2,1.36,-74.0,12,0.0
100,20,36:62:f9:a1:88:57,CSE OFFICE,20,-79.85,0.73,-79.85,20,0.73
100,20,00:22:b0:05:f3:bc,CSE-204,20,-63.7,2.08,-63.7,20,2.08
100,20,bc:22:28:21:55:6e,CSE-104,14,-69.29,1.44,-69.29,14,1.44
100,20,18:0f:76:c3:06:8d,CSE-304,4,-59.25,1.09,-59.25,4,1.09
100,20,36:20:f9:a1:88:56,CSE OFFICE,5,-59.8,3.66,-59.8,5,3.66
101,20,60:63:4c:31:37:40,CSE-303,12,-54.42,2.53,-53.73,11,1.14
101,20,30:b5:c2:ea:5b:44,DataLab@BUET,13,-57.31,3.24,-57.31,13,3.24
101,20,36:20:f9:a1:88:62,CSE OFFICE,5,-60.6,1.62,-60.6,5,1.62
101,20,36:62:f9:a1:88:57,CSE OFFICE,20,-78.85,1.24,-79.06,17,0.64
101,20,36:20:f9:a1:88:56,CSE OFFICE,15,-56.2,0.98,-56.18,11,0.39
101,20,00:22:b0:05:f3:bc,CSE-204,20,-55.9,1.34,-55.9,20,1.34
101,20,bc:22:28:21:55:6e,CSE-104,8,-76.12,1.54,-76.57,7,1.05
101,20,18:0f:76:c3:06:8d,CSE-304,2,-62.5,1.5,-62.5,2,1.5
101,20,36:62:f9:a1:88:63,CSE OFFICE,10,-82.6,1.11,-82.89,9,0.74
102,20,60:63:4c:31:37:40,CSE-303,12,-63.75,2.01,-64.27,11,1.05
102,20,30:b5:c2:ea:5b:44,DataLab@BUET,12,-57.42,2.1,-57.42,12,2.1
102,20,36:20:f9:a1:88:62,CSE OFFICE,2,-69.0,5.0,-69.0,2,5.0
102,20,36:62:f9:a1:88:57,CSE OFFICE,20,-79.25,1.22,-79.17,18,0.76
102,20,36:20:f9:a1:88:56,CSE OFFICE,13,-60.23,1.42,-60.73,11,0.86
102,20,00:22:b0:05:f3:bc,CSE-204,19,-57.37,1.95,-57.37,19,1.95
102,20,bc:22:28:21:55:6e,CSE-104,9,-77.78,3.12,-77.78,9,3.12
102,20,18:0f:76:c3:06:8d,CSE-304,1,-60.0,0.0,-60.0,1,0.0
