entryId,roomNo,Galaxy M124213,CSE-204,CSE-303,CSE-304,Hall of Fame,DataLab@BUET,CSE-206,CSE-G04,CSE-G07,CSE-306,dlink,CSE-401
1,Outside,-70.56,-56.56,-53.13,-60.2,-64.12,-51.43,-54.18,-90.0,-90.0,-69.0,-77.5,-90.0
2,Outside,-66.62,-67.83,-55.79,-52.31,-70.83,-60.5,-54.46,-90.0,-73.08,-67.14,-90.0,-90.0
3,203,-56.72,-69.22,-61.36,-69.0,-78.38,-63.22,-70.25,-81.8,-84.0,-86.5,-82.76,-90.0
4,Outside,-69.94,-59.85,-56.55,-90.0,-53.83,-57.81,-62.5,-85.67,-90.0,-76.25,-78.35,-75.0
5,Outside,-60.79,-64.7,-67.4,-75.0,-71.73,-46.5,-87.07,-90.0,-90.0,-90.0,-90.0,-79.0
6,203,-58.2,-65.9,-61.85,-71.65,-70.3,-66.0,-90.0,-69.5,-90.0,-86.5,-84.33,-81.0
7,203,-57.0,-65.72,-68.37,-68.57,-84.0,-65.61,-66.5,-81.0,-80.91,-90.0,-85.0,-77.2
8,203,-56.12,-67.71,-65.12,-60.57,-79.75,-61.37,-64.71,-69.8,-82.73,-82.0,-84.12,-90.0
9,203,-50.0,-65.93,-61.4,-61.27,-79.0,-58.25,-62.58,-79.71,-86.1,-76.0,-84.67,-80.33
10,203,-51.33,-60.37,-64.29,-68.62,-77.27,-53.75,-90.0,-81.25,-89.4,-85.5,-84.65,-90.0
11,203,-58.39,-73.94,-60.67,-66.27,-79.5,-63.33,-66.67,-74.85,-84.33,-85.33,-83.0,-85.0
12,203,-55.83,-69.33,-62.78,-71.4,-82.0,-61.62,-90.0,-80.5,-84.57,-90.0,-87.5,-90.0
13,203,-61.53,-61.45,-66.22,-72.8,-72.0,-63.65,-81.25,-70.2,-90.0,-86.0,-84.75,-79.0
14,Outside,-67.59,-47.3,-60.25,-65.0,-69.2,-50.33,-51.73,-90.0,-86.0,-74.33,-90.0,-74.0
15,203,-50.0,-72.77,-61.33,-62.37,-82.4,-61.42,-67.0,-74.3,-86.67,-90.0,-84.39,-83.0
16,Outside,-66.6,-57.67,-49.77,-48.73,-69.25,-63.62,-50.67,-90.0,-82.8,-63.7,-90.0,-90.0
17,203,-42.47,-62.0,-63.27,-63.67,-78.0,-58.0,-67.0,-82.5,-86.0,-86.0,-86.58,-90.0
18,203,-68.78,-68.95,-68.31,-74.07,-80.0,-66.61,-90.0,-78.5,-90.0,-90.0,-86.14,-77.5
19,Outside,-71.69,-68.75,-61.4,-57.5,-78.5,-65.92,-48.75,-70.4,-78.0,-68.0,-90.0,-90.0
20,203,-54.76,-75.12,-63.5,-67.33,-85.1,-64.6,-71.0,-76.55,-83.33,-88.0,-83.0,-80.33
21,203,-67.62,-65.6,-63.0,-63.0,-83.0,-64.94,-90.0,-78.0,-85.0,-80.33,-81.71,-81.5
22,Outside,-63.62,-69.85,-73.07,-76.19,-66.81,-53.2,-86.4,-80.43,-90.0,-87.0,-90.0,-84.4
23,203,-64.5,-69.88,-70.87,-75.83,-76.8,-63.0,-90.0,-76.64,-90.0,-86.0,-85.83,-82.0
24,Outside,-64.47,-62.5,-67.33,-74.71,-54.87,-53.58,-80.78,-79.5,-90.0,-85.5,-82.37,-73.5
25,203,-51.06,-77.25,-53.0,-65.09,-83.0,-66.21,-72.0,-76.55,-79.73,-78.5,-83.37,-90.0
26,Outside,-57.33,-68.5,-54.0,-53.0,-75.33,-57.22,-53.33,-90.0,-76.33,-77.5,-90.0,-90.0
27,203,-57.94,-63.71,-65.86,-90.0,-78.0,-52.19,-90.0,-90.0,-88.0,-87.0,-86.43,-72.0
28,Outside,-65.18,-66.83,-49.29,-55.4,-73.0,-57.69,-56.27,-70.0,-83.0,-68.0,-90.0,-82.0
29,203,-54.89,-66.29,-62.08,-90.0,-71.14,-51.23,-65.75,-86.0,-89.0,-90.0,-83.39,-79.5
30,203,-50.11,-62.43,-69.7,-68.0,-76.0,-54.71,-90.0,-90.0,-88.0,-90.0,-86.29,-80.0
31,203,-60.76,-64.0,-59.25,-90.0,-80.67,-62.4,-90.0,-84.0,-84.79,-90.0,-85.89,-79.6
32,203,-55.6,-72.42,-61.56,-75.5,-80.73,-62.62,-74.85,-82.0,-83.5,-85.75,-87.67,-82.54
33,203,-60.45,-61.45,-66.65,-68.25,-75.0,-54.85,-63.79,-82.25,-85.0,-86.2,-86.91,-82.5
34,203,-56.33,-63.5,-56.42,-90.0,-75.2,-53.47,-62.5,-78.0,-87.56,-81.33,-78.0,-84.0
35,203,-21.05,-67.31,-61.08,-68.89,-74.7,-56.69,-70.62,-80.33,-86.0,-86.83,-81.0,-78.0
36,203,-62.25,-70.07,-64.12,-61.29,-73.15,-67.57,-71.2,-73.25,-82.0,-90.0,-85.68,-78.67
37,203,-58.0,-71.5,-62.43,-66.75,-77.86,-67.6,-67.9,-77.0,-84.44,-90.0,-85.0,-83.2
38,Outside,-66.89,-59.2,-57.58,-50.18,-69.14,-61.15,-49.0,-90.0,-76.44,-67.0,-72.0,-82.0
39,203,-57.06,-74.3,-63.17,-63.5,-79.0,-66.0,-63.29,-80.25,-84.71,-83.0,-83.31,-90.0
40,Outside,-47.53,-60.69,-63.4,-66.78,-72.62,-47.0,-69.75,-85.0,-89.0,-90.0,-90.0,-79.0
41,Outside,-64.19,-60.08,-63.1,-70.67,-66.8,-48.94,-63.75,-90.0,-90.0,-75.0,-85.59,-74.75
42,203,-54.58,-72.0,-55.0,-66.0,-78.5,-57.21,-72.0,-82.0,-88.0,-90.0,-83.53,-76.75
43,Outside,-71.05,-65.8,-56.57,-59.67,-74.83,-67.0,-54.62,-75.75,-79.43,-67.43,-90.0,-90.0
44,Outside,-64.24,-61.29,-60.43,-58.0,-63.0,-64.1,-64.67,-73.0,-79.14,-75.29,-90.0,-76.25
45,Outside,-76.58,-57.08,-56.43,-66.21,-64.56,-58.47,-63.25,-90.0,-88.0,-76.0,-81.0,-78.0
46,Outside,-67.1,-68.0,-70.0,-76.67,-70.0,-51.44,-78.33,-85.5,-90.0,-90.0,-87.0,-76.0
47,203,-55.89,-69.0,-62.7,-70.0,-75.33,-51.93,-90.0,-85.0,-87.0,-90.0,-86.79,-82.0
48,Outside,-60.93,-61.15,-54.5,-55.0,-73.0,-60.27,-52.33,-79.0,-77.0,-70.0,-90.0,-77.0
49,203,-67.12,-64.45,-75.0,-90.0,-76.0,-48.64,-65.0,-82.67,-85.0,-90.0,-86.83,-79.0
50,203,-56.0,-68.87,-67.33,-69.8,-77.33,-64.91,-90.0,-90.0,-86.4,-85.0,-83.59,-85.0
51,203,-53.61,-76.67,-57.44,-70.0,-78.83,-64.2,-73.4,-78.0,-80.75,-84.0,-87.71,-87.67
52,203,-48.5,-71.37,-73.13,-73.07,-78.75,-56.53,-76.33,-77.33,-86.25,-84.92,-87.44,-78.91
53,203,-53.23,-59.65,-61.67,-58.58,-79.47,-54.39,-68.0,-78.71,-83.89,-84.83,-85.55,-79.11
54,203,-53.19,-69.0,-57.0,-90.0,-76.43,-54.07,-69.0,-90.0,-86.0,-90.0,-78.14,-73.83
55,203,-53.6,-66.33,-53.17,-58.78,-78.2,-60.27,-68.25,-75.17,-84.0,-83.6,-84.0,-82.5
56,Outside,-58.3,-68.29,-67.0,-70.86,-76.08,-36.12,-81.17,-90.0,-90.0,-88.0,-90.0,-90.0
57,Outside,-60.67,-66.0,-52.0,-52.18,-79.0,-59.75,-52.08,-90.0,-80.0,-70.0,-90.0,-90.0
58,203,-50.59,-71.4,-61.0,-66.0,-81.33,-62.44,-69.5,-90.0,-85.5,-90.0,-74.62,-82.0
59,Outside,-61.14,-63.83,-61.33,-76.0,-66.29,-32.43,-72.0,-90.0,-90.0,-90.0,-87.0,-78.1
60,Outside,-71.19,-48.2,-52.67,-61.8,-65.0,-53.4,-47.0,-90.0,-85.5,-68.67,-73.39,-79.33
61,203,-57.88,-60.0,-54.69,-64.0,-73.43,-54.56,-69.0,-83.0,-87.67,-84.0,-80.28,-77.67
62,Outside,-68.1,-67.6,-54.0,-55.44,-72.69,-59.25,-55.46,-76.14,-76.92,-74.78,-90.0,-83.0
63,Outside,-66.53,-51.89,-58.81,-67.46,-61.56,-51.53,-63.64,-75.0,-88.0,-70.14,-72.0,-90.0
64,Outside,-65.16,-66.36,-65.27,-71.75,-75.33,-46.67,-71.44,-82.0,-87.0,-77.75,-90.0,-73.43
