scanId,entryId,scanGroupIndex,Frequency,MacAddress,SSID,Strength
1,1,0,2437,8e:fa:5f:79:06:05,Ei j eta amar wifi,-49
2,1,0,2432,60:63:4c:31:37:40,CSE-303,-54
3,1,0,2457,bc:22:28:21:09:24,CSE-205,-55
4,1,0,2412,18:0f:76:c3:06:8d,CSE-304,-56
5,1,0,2462,26:94:5a:1b:90:4d,TatakaeðŸ¥·,-58
6,1,0,2437,d2:21:d7:af:f0:ae,Fihad's Galaxy,-60
7,1,0,2437,bc:22:28:21:09:ba,CSE-206,-60
8,1,0,2437,30:b5:c2:ea:5b:44,DataLab@BUET,-61
9,1,0,2412,00:22:b0:05:f3:bc,CSE-204,-62
10,1,0,2437,56:f1:5f:2e:f3:7a,Horion_yj,-62
11,1,0,2437,46:44:d1:b3:33:78,Galaxy M12 396F,-62
12,1,0,2462,bc:22:28:21:55:6e,CSE-104,-65
13,1,0,2432,5e:a9:31:22:bb:0a,CSE-LAB,-65
14,1,0,2457,34:60:f9:a1:88:56,,-66
15,1,0,2472,5c:e8:d3:0a:1e:e0,!FreeNet,-67
16,1,0,2457,36:20:f9:a1:88:62,CSE OFFICE,-67
17,1,0,2437,8e:94:9f:cb:b9:b0,Fuad's A54,-70
18,1,0,2457,36:20:f9:a1:88:56,CSE OFFICE,-71
19,1,0,2437,70:4c:a5:64:bc:61,eduroam,-75
20,1,0,2412,bc:62:ce:6a:3a:2a,RBH 204,-80
21,1,0,2412,00:22:b0:05:f3:51,CSE-108,-81
22,1,1,2462,26:94:5a:1b:90:4d,TatakaeðŸ¥·,-42
23,1,1,2432,60:63:4c:31:37:40,CSE-303,-49
24,1,1,2437,8e:fa:5f:79:06:05,Ei j eta amar wifi,-50
25,1,1,2412,18:0f:76:c3:06:8d,CSE-304,-52
26,1,1,2457,bc:22:28:21:09:24,CSE-205,-55
27,1,1,2437,56:f1:5f:2e:f3:7a,Horion_yj,-56
28,1,1,2457,36:20:f9:a1:88:62,CSE OFFICE,-58
29,1,1,2437,30:b5:c2:ea:5b:44,DataLab@BUET,-61
30,1,1,2437,d2:21:d7:af:f0:ae,Fihad's Galaxy,-63
31,1,1,2437,46:44:d1:b3:33:78,Galaxy M12 396F,-64
32,1,1,2462,bc:22:28:21:55:6e,CSE-104,-65
33,1,1,2432,5e:a9:31:22:bb:0a,CSE-LAB,-65
34,1,1,2412,00:22:b0:05:f3:bc,CSE-204,-66
35,1,1,2437,bc:22:28:21:09:ba,CSE-206,-69
36,1,1,2457,34:60:f9:a1:88:56,,-69
37,1,1,2437,8e:94:9f:cb:b9:b0,Fuad's A54,-70
38,1,1,2457,36:20:f9:a1:88:56,CSE OFFICE,-71
39,1,1,2472,5c:e8:d3:0a:1e:e0,!FreeNet,-72
40,1,1,2457,34:60:f9:a1:8b:8e,,-73
41,1,1,2457,36:20:f9:a1:8b:8e,CSE OFFICE,-73
42,1,1,2437,70:4c:a5:64:bc:61,eduroam,-75
43,1,1,2432,5c:e9:31:22:be:d6,,-79
44,1,1,2412,bc:62:ce:6a:3a:2a,RBH 204,-80
45,1,1,2432,5e:a9:31:22:be:d6,CSE-LAB,-80
46,1,1,2412,00:22:b0:05:f3:51,CSE-108,-81
47,1,2,2432,60:63:4c:31:37:40,CSE-303,-49
48,1,2,2412,00:22:b0:05:f3:bc,CSE-204,-52
49,1,2,2437,30:b5:c2:ea:5b:44,DataLab@BUET,-55
50,1,2,2462,26:94:5a:1b:90:4d,TatakaeðŸ¥·,-55
51,1,2,2457,bc:22:28:21:09:24,CSE-205,-55
52,1,2,2437,56:f1:5f:2e:f3:7a,Horion_yj,-56
53,1,2,2457,36:20:f9:a1:88:62,CSE OFFICE,-58
54,1,2,2437,8e:fa:5f:79:06:05,Ei j eta amar wifi,-59
55,1,2,2437,46:44:d1:b3:33:78,Galaxy M12 396F,-63
56,1,2,2437,d2:21:d7:af:f0:ae,Fihad's Galaxy,-64
57,1,2,2462,bc:22:28:21:55:6e,CSE-104,-65
58,1,2,2432,5e:a9:31:22:bb:0a,CSE-LAB,-65
59,1,2,2412,18:0f:76:c3:06:8d,CSE-304,-67
60,1,2,2437,bc:22:28:21:09:ba,CSE-206,-69
61,1,2,2457,34:60:f9:a1:88:56,,-69
62,1,2,2472,5c:e8:d3:0a:1e:e0,!FreeNet,-70
63,1,2,2437,8e:94:9f:cb:b9:b0,Fuad's A54,-70
64,1,2,2462,34:e8:94:10:7d:fa,Hall of Fame,-70
65,1,2,2457,36:20:f9:a1:88:56,CSE OFFICE,-71
66,1,2,2452,cc:2d:21:36:d7:90,Savage-us,-72
67,1,2,2457,34:60:f9:a1:8b:8e,,-73
68,1,2,2457,36:20:f9:a1:8b:8e,CSE OFFICE,-73
69,1,2,2437,70:4c:a5:64:bc:61,eduroam,-75
70,1,2,2412,56:24:f1:d4:40:ff,Redmi Note 10,-78
71,1,2,2432,5c:e9:31:22:be:d6,,-79
72,1,2,2412,bc:62:ce:6a:3a:2a,RBH 204,-80
73,1,2,2432,5e:a9:31:22:be:d6,CSE-LAB,-80
74,1,2,2412,00:22:b0:05:f3:51,CSE-108,-81
75,1,2,2472,78:98:e8:38:3b:04,Arham 2.5G Network,-89
76,1,3,2412,00:22:b0:05:f3:bc,CSE-204,-52
77,1,3,2457,bc:22:28:21:09:24,CSE-205,-55
78,1,3,2437,56:f1:5f:2e:f3:7a,Horion_yj,-56
79,1,3,2457,36:20:f9:a1:88:62,CSE OFFICE,-58
80,1,3,2437,8e:fa:5f:79:06:05,Ei j eta amar wifi,-59
81,1,3,2437,46:44:d1:b3:33:78,Galaxy M12 396F,-63
82,1,3,2437,d2:21:d7:af:f0:ae,Fihad's Galaxy,-64
83,1,3,2432,5e:a9:31:22:bb:0a,CSE-LAB,-65
84,1,3,2412,18:0f:76:c3:06:8d,CSE-304,-67
85,1,3,2437,bc:22:28:21:09:ba,CSE-206,-69
86,1,3,2457,34:60:f9:a1:88:56,,-69
87,1,3,2472,5c:e8:d3:0a:1e:e0,!FreeNet,-70
88,1,3,2437,8e:94:9f:cb:b9:b0,Fuad's A54,-70
89,1,3,2462,34:e8:94:10:7d:fa,Hall of Fame,-70
90,1,3,2457,36:20:f9:a1:88:56,CSE OFFICE,-71
91,1,3,2452,cc:2d:21:36:d7:90,Savage-us,-72
92,1,3,2457,34:60:f9:a1:8b:8e,,-73
93,1,3,2457,36:20:f9:a1:8b:8e,CSE OFFICE,-73
94,1,3,2437,70:4c:a5:64:bc:61,eduroam,-75
95,1,3,2412,56:24:f1:d4:40:ff,Redmi Note 10,-78
96,1,3,2432,5c:e9:31:22:be:d6,,-79
97,1,3,2432,5e:a9:31:22:be:d6,CSE-LAB,-80
98,1,3,2472,78:98:e8:38:3b:04,Arham 2.5G Network,-89
99,1,4,2412,00:22:b0:05:f3:bc,CSE-204,-48
100,1,4,2457,bc:22:28:21:09:24,CSE-205,-57
101,1,4,2437,30:b5:c2:ea:5b:44,DataLab@BUET,-58
102,1,4,2437,8e:fa:5f:79:06:05,Ei j eta amar wifi,-59
103,1,4,2437,d2:21:d7:af:f0:ae,Fihad's Galaxy,-60
104,1,4,2462,26:94:5a:1b:90:4d,TatakaeðŸ¥·,-60
105,1,4,2432,60:63:4c:31:37:40,CSE-303,-61
106,1,4,2457,36:20:f9:a1:88:62,CSE OFFICE,-61
107,1,4,2462,34:e8:94:10:7d:fa,Hall of Fame,-62
108,1,4,2432,5c:e9:31:22:bb:0a,,-62
109,1,4,2457,34:60:f9:a1:88:62,,-62
110,1,4,2432,5e:a9:31:22:bb:0a,CSE-LAB,-63
111,1,4,2462,bc:22:28:21:55:6e,CSE-104,-64
112,1,4,2437,56:f1:5f:2e:f3:7a,Horion_yj,-64
113,1,4,2457,34:60:f9:a1:88:56,,-64
114,1,4,2457,36:20:f9:a1:88:56,CSE OFFICE,-65
115,1,4,2412,18:0f:76:c3:06:8d,CSE-304,-67
116,1,4,2437,bc:22:28:21:09:ba,CSE-206,-69
117,1,4,2437,8e:94:9f:cb:b9:b0,Fuad's A54,-70
118,1,4,2472,5c:e8:d3:0a:1e:e0,!FreeNet,-71
119,1,4,2437,46:44:d1:b3:33:78,Galaxy M12 396F,-73
120,1,4,2457,34:60:f9:a1:8b:8e,,-73
121,1,4,2457,36:20:f9:a1:8b:8e,CSE OFFICE,-73
122,1,4,2437,70:4c:a5:64:bc:61,eduroam,-75
123,1,4,2452,cc:2d:21:36:d7:90,Savage-us,-77
124,1,4,2462,00:1e:2a:ba:c8:20,CSE-401,-77
125,1,4,2412,56:24:f1:d4:40:ff,Redmi Note 10,-78
126,1,4,2432,5c:e9:31:22:be:d6,,-79
127,1,4,2432,5e:a9:31:22:be:d6,CSE-LAB,-80
128,1,4,2472,78:98:e8:38:3b:04,Arham 2.5G Network,-87
129,1,4,2452,5c:e9:31:97:28:f4,Room no 1103,-87
130,1,4,2472,34:0a:33:6a:24:5e,ROOM-713,-92
131,1,5,2412,00:22:b0:05:f3:bc,CSE-204,-48
132,1,5,2457,bc:22:28:21:09:24,CSE-205,-57
133,1,5,2437,30:b5:c2:ea:5b:44,DataLab@BUET,-58
134,1,5,2437,8e:fa:5f:79:06:05,Ei j eta amar wifi,-59
135,1,5,2437,d2:21:d7:af:f0:ae,Fihad's Galaxy,-60
136,1,5,2462,26:94:5a:1b:90:4d,TatakaeðŸ¥·,-60
137,1,5,2432,60:63:4c:31:37:40,CSE-303,-61
138,1,5,2457,36:20:f9:a1:88:62,CSE OFFICE,-61
139,1,5,2462,34:e8:94:10:7d:fa,Hall of Fame,-62
140,1,5,2432,5c:e9:31:22:bb:0a,,-62
141,1,5,2457,34:60:f9:a1:88:62,,-62
142,1,5,2432,5e:a9:31:22:bb:0a,CSE-LAB,-63
143,1,5,2462,bc:22:28:21:55:6e,CSE-104,-64
144,1,5,2437,56:f1:5f:2e:f3:7a,Horion_yj,-64
145,1,5,2457,34:60:f9:a1:88:56,,-64
146,1,5,2457,36:20:f9:a1:88:56,CSE OFFICE,-65
147,1,5,2412,18:0f:76:c3:06:8d,CSE-304,-67
148,1,5,2437,bc:22:28:21:09:ba,CSE-206,-69
149,1,5,2437,8e:94:9f:cb:b9:b0,Fuad's A54,-70
150,1,5,2472,5c:e8:d3:0a:1e:e0,!FreeNet,-71
151,1,5,2437,46:44:d1:b3:33:78,Galaxy M12 396F,-73
152,1,5,2457,34:60:f9:a1:8b:8e,,-73
153,1,5,2457,36:20:f9:a1:8b:8e,CSE OFFICE,-73
154,1,5,2437,70:4c:a5:64:bc:61,eduroam,-75
155,1,5,2452,cc:2d:21:36:d7:90,Savage-us,-77
156,1,5,2462,00:1e:2a:ba:c8:20,CSE-401,-77
157,1,5,2412,56:24:f1:d4:40:ff,Redmi Note 10,-78
158,1,5,2432,5c:e9:31:22:be:d6,,-79
159,1,5,2432,5e:a9:31:22:be:d6,CSE-LAB,-80
160,1,5,2472,78:98:e8:38:3b:04,Arham 2.5G Network,-87
161,1,5,2452,5c:e9:31:97:28:f4,Room no 1103,-87
162,1,5,2472,34:0a:33:6a:24:5e,ROOM-713,-92
163,1,6,2412,00:22:b0:05:f3:bc,CSE-204,-48
164,1,6,2457,bc:22:28:21:09:24,CSE-205,-57
165,1,6,2437,30:b5:c2:ea:5b:44,DataLab@BUET,-58
166,1,6,2437,8e:fa:5f:79:06:05,Ei j eta amar wifi,-59
167,1,6,2437,d2:21:d7:af:f0:ae,Fihad's Galaxy,-60
168,1,6,2462,26:94:5a:1b:90:4d,TatakaeðŸ¥·,-60
169,1,6,2432,60:63:4c:31:37:40,CSE-303,-61
170,1,6,2457,36:20:f9:a1:88:62,CSE OFFICE,-61
171,1,6,2462,34:e8:94:10:7d:fa,Hall of Fame,-62
172,1,6,2432,5c:e9:31:22:bb:0a,,-62
173,1,6,2457,34:60:f9:a1:88:62,,-62
174,1,6,2432,5e:a9:31:22:bb:0a,CSE-LAB,-63
175,1,6,2462,bc:22:28:21:55:6e,CSE-104,-64
176,1,6,2437,56:f1:5f:2e:f3:7a,Horion_yj,-64
177,1,6,2457,34:60:f9:a1:88:56,,-64
178,1,6,2457,36:20:f9:a1:88:56,CSE OFFICE,-65
179,1,6,2412,18:0f:76:c3:06:8d,CSE-304,-67
180,1,6,2437,bc:22:28:21:09:ba,CSE-206,-69
181,1,6,2437,8e:94:9f:cb:b9:b0,Fuad's A54,-70
182,1,6,2472,5c:e8:d3:0a:1e:e0,!FreeNet,-71
183,1,6,2437,46:44:d1:b3:33:78,Galaxy M12 396F,-73
184,1,6,2457,34:60:f9:a1:8b:8e,,-73
185,1,6,2457,36:20:f9:a1:8b:8e,CSE OFFICE,-73
186,1,6,2437,70:4c:a5:64:bc:61,eduroam,-75
187,1,6,2452,cc:2d:21:36:d7:90,Savage-us,-77
188,1,6,2462,00:1e:2a:ba:c8:20,CSE-401,-77
189,1,6,2412,56:24:f1:d4:40:ff,Redmi Note 10,-78
190,1,6,2432,5c:e9:31:22:be:d6,,-79
191,1,6,2432,5e:a9:31:22:be:d6,CSE-LAB,-80
192,1,6,2472,78:98:e8:38:3b:04,Arham 2.5G Network,-87
193,1,6,2452,5c:e9:31:97:28:f4,Room no 1103,-87
194,1,6,2472,34:0a:33:6a:24:5e,ROOM-713,-92
195,1,7,2412,00:22:b0:05:f3:bc,CSE-204,-48
196,1,7,2457,bc:22:28:21:09:24,CSE-205,-57
197,1,7,2437,30:b5:c2:ea:5b:44,DataLab@BUET,-58
198,1,7,2437,8e:fa:5f:79:06:05,Ei j eta amar wifi,-59
199,1,7,2437,d2:21:d7:af:f0:ae,Fihad's Galaxy,-60
200,1,7,2462,26:94:5a:1b:90:4d,TatakaeðŸ¥·,-60
201,1,7,2432,60:63:4c:31:37:40,CSE-303,-61
202,1,7,2457,36:20:f9:a1:88:62,CSE OFFICE,-61
203,1,7,2462,34:e8:94:10:7d:fa,Hall of Fame,-62
204,1,7,2432,5c:e9:31:22:bb:0a,,-62
205,1,7,2457,34:60:f9:a1:88:62,,-62
206,1,7,2432,5e:a9:31:22:bb:0a,CSE-LAB,-63
207,1,7,2462,bc:22:28:21:55:6e,CSE-104,-64
208,1,7,2437,56:f1:5f:2e:f3:7a,Horion_yj,-64
209,1,7,2457,34:60:f9:a1:88:56,,-64
210,1,7,2457,36:20:f9:a1:88:56,CSE OFFICE,-65
211,1,7,2412,18:0f:76:c3:06:8d,CSE-304,-67
212,1,7,2437,bc:22:28:21:09:ba,CSE-206,-69
213,1,7,2437,8e:94:9f:cb:b9:b0,Fuad's A54,-70
214,1,7,2472,5c:e8:d3:0a:1e:e0,!FreeNet,-71
215,1,7,2437,46:44:d1:b3:33:78,Galaxy M12 396F,-73
216,1,7,2457,34:60:f9:a1:8b:8e,,-73
217,1,7,2457,36:20:f9:a1:8b:8e,CSE OFFICE,-73
218,1,7,2437,70:4c:a5:64:bc:61,eduroam,-75
219,1,7,2452,cc:2d:21:36:d7:90,Savage-us,-77
220,1,7,2462,00:1e:2a:ba:c8:20,CSE-401,-77
221,1,7,2412,56:24:f1:d4:40:ff,Redmi Note 10,-78
222,1,7,2432,5c:e9:31:22:be:d6,,-79
223,1,7,2432,5e:a9:31:22:be:d6,CSE-LAB,-80
224,1,7,2472,78:98:e8:38:3b:04,Arham 2.5G Network,-87
225,1,7,2452,5c:e9:31:97:28:f4,Room no 1103,-87
226,1,7,2472,34:0a:33:6a:24:5e,ROOM-713,-92
227,1,8,2412,00:22:b0:05:f3:bc,CSE-204,-48
228,1,8,2457,bc:22:28:21:09:24,CSE-205,-57
229,1,8,2437,30:b5:c2:ea:5b:44,DataLab@BUET,-58
230,1,8,2437,8e:fa:5f:79:06:05,Ei j eta amar wifi,-59
231,1,8,2437,d2:21:d7:af:f0:ae,Fihad's Galaxy,-60
232,1,8,2462,26:94:5a:1b:90:4d,TatakaeðŸ¥·,-60
233,1,8,2432,60:63:4c:31:37:40,CSE-303,-61
234,1,8,2457,36:20:f9:a1:88:62,CSE OFFICE,-61
235,1,8,2462,34:e8:94:10:7d:fa,Hall of Fame,-62
236,1,8,2432,5c:e9:31:22:bb:0a,,-62
237,1,8,2457,34:60:f9:a1:88:62,,-62
238,1,8,2432,5e:a9:31:22:bb:0a,CSE-LAB,-63
239,1,8,2462,bc:22:28:21:55:6e,CSE-104,-64
240,1,8,2437,56:f1:5f:2e:f3:7a,Horion_yj,-64
241,1,8,2457,34:60:f9:a1:88:56,,-64
242,1,8,2457,36:20:f9:a1:88:56,CSE OFFICE,-65
243,1,8,2412,18:0f:76:c3:06:8d,CSE-304,-67
244,1,8,2437,bc:22:28:21:09:ba,CSE-206,-69
245,1,8,2437,8e:94:9f:cb:b9:b0,Fuad's A54,-70
246,1,8,2472,5c:e8:d3:0a:1e:e0,!FreeNet,-71
247,1,8,2437,46:44:d1:b3:33:78,Galaxy M12 396F,-73
248,1,8,2457,34:60:f9:a1:8b:8e,,-73
249,1,8,2457,36:20:f9:a1:8b:8e,CSE OFFICE,-73
250,1,8,2437,70:4c:a5:64:bc:61,eduroam,-75
251,1,8,2452,cc:2d:21:36:d7:90,Savage-us,-77
252,1,8,2462,00:1e:2a:ba:c8:20,CSE-401,-77
253,1,8,2412,56:24:f1:d4:40:ff,Redmi Note 10,-78
254,1,8,2432,5c:e9:31:22:be:d6,,-79
255,1,8,2432,5e:a9:31:22:be:d6,CSE-LAB,-80
256,1,8,2472,78:98:e8:38:3b:04,Arham 2.5G Network,-87
257,1,8,2452,5c:e9:31:97:28:f4,Room no 1103,-87
258,1,8,2472,34:0a:33:6a:24:5e,ROOM-713,-92
259,1,9,2432,60:63:4c:31:37:40,CSE-303,-49
260,1,9,2437,8e:fa:5f:79:06:05,Ei j eta amar wifi,-51
261,1,9,2412,00:22:b0:05:f3:bc,CSE-204,-53
262,1,9,2462,26:94:5a:1b:90:4d,TatakaeðŸ¥·,-56
263,1,9,2472,5c:e8:d3:0a:1e:e0,!FreeNet,-57
264,1,9,2457,36:20:f9:a1:88:62,CSE OFFICE,-58
265,1,9,2437,30:b5:c2:ea:5b:44,DataLab@BUET,-59
266,1,9,2457,bc:22:28:21:09:24,CSE-205,-59
267,1,9,2462,bc:22:28:21:55:6e,CSE-104,-62
268,1,9,2462,34:e8:94:10:7d:fa,Hall of Fame,-66
269,1,9,2437,56:f1:5f:2e:f3:7a,Horion_yj,-68
270,1,9,2432,5e:a9:31:22:bb:0a,CSE-LAB,-70
271,1,9,2432,5c:e9:31:22:bb:0a,,-70
272,1,9,2462,60:63:4c:31:37:60,CSE-306,-72
273,1,10,2412,00:22:b0:05:f3:bc,CSE-204,-49
274,1,10,2432,60:63:4c:31:37:40,CSE-303,-49
275,1,10,2437,30:b5:c2:ea:5b:44,DataLab@BUET,-55
276,1,10,2457,36:20:f9:a1:88:62,CSE OFFICE,-58
277,1,10,2437,8e:fa:5f:79:06:05,Ei j eta amar wifi,-61
278,1,10,2457,34:60:f9:a1:88:56,,-62
279,1,10,2462,bc:22:28:21:55:6e,CSE-104,-63
280,1,10,2457,bc:22:28:21:09:24,CSE-205,-63
281,1,10,2437,d2:21:d7:af:f0:ae,Fihad's Galaxy,-63
282,1,10,2462,26:94:5a:1b:90:4d,TatakaeðŸ¥·,-65
283,1,10,2437,56:f1:5f:2e:f3:7a,Horion_yj,-65
284,1,10,2457,36:20:f9:a1:88:56,CSE OFFICE,-66
285,1,10,2432,5e:a9:31:22:bb:0a,CSE-LAB,-67
286,1,10,2462,34:e8:94:10:7d:fa,Hall of Fame,-67
287,1,10,2472,5c:e8:d3:0a:1e:e0,!FreeNet,-69
288,1,10,2432,5c:e9:31:22:bb:0a,,-70
289,1,10,2462,60:63:4c:31:37:60,CSE-306,-72
290,1,10,2457,ac:15:a2:84:3d:1a,CSE_OBE_CELL,-82
291,1,11,2432,60:63:4c:31:37:40,CSE-303,-50
292,1,11,2412,00:22:b0:05:f3:bc,CSE-204,-52
293,1,11,2437,30:b5:c2:ea:5b:44,DataLab@BUET,-55
294,1,11,2472,5c:e8:d3:0a:1e:e0,!FreeNet,-59
295,1,11,2457,bc:22:28:21:09:24,CSE-205,-59
296,1,11,2462,26:94:5a:1b:90:4d,TatakaeðŸ¥·,-60
297,1,11,2457,36:20:f9:a1:88:62,CSE OFFICE,-60
298,1,11,2457,36:20:f9:a1:88:56,CSE OFFICE,-60
299,1,11,2457,34:60:f9:a1:88:62,,-60
300,1,11,2457,34:60:f9:a1:88:56,,-62
301,1,11,2462,bc:22:28:21:55:6e,CSE-104,-63
302,1,11,2437,8e:fa:5f:79:06:05,Ei j eta amar wifi,-63
303,1,11,2437,d2:21:d7:af:f0:ae,Fihad's Galaxy,-63
304,1,11,2437,56:f1:5f:2e:f3:7a,Horion_yj,-66
305,1,11,2432,5e:a9:31:22:bb:0a,CSE-LAB,-67
306,1,11,2462,34:e8:94:10:7d:fa,Hall of Fame,-67
307,1,11,2432,5c:e9:31:22:bb:0a,,-70
308,1,11,2462,60:63:4c:31:37:60,CSE-306,-72
309,1,11,2457,ac:15:a2:84:3d:1a,CSE_OBE_CELL,-82
310,1,11,2462,02:83:7e:72:2b:0b,realme C12i,-84
311,1,12,2457,34:60:f9:a1:88:56,,-62
312,1,12,2462,bc:22:28:21:55:6e,CSE-104,-63
313,1,12,2437,8e:fa:5f:79:06:05,Ei j eta amar wifi,-63
314,1,12,2437,56:f1:5f:2e:f3:7a,Horion_yj,-66
315,1,12,2432,5e:a9:31:22:bb:0a,CSE-LAB,-67
316,1,12,2462,34:e8:94:10:7d:fa,Hall of Fame,-67
317,1,12,2432,5c:e9:31:22:bb:0a,,-70
318,1,12,2462,60:63:4c:31:37:60,CSE-306,-72
319,1,12,2457,ac:15:a2:84:3d:1a,CSE_OBE_CELL,-82
320,1,12,2462,02:83:7e:72:2b:0b,realme C12i,-84
321,1,13,2412,00:22:b0:05:f3:bc,CSE-204,-45
322,1,13,2472,5c:e8:d3:0a:1e:e0,!FreeNet,-50
323,1,13,2437,30:b5:c2:ea:5b:44,DataLab@BUET,-55
324,1,13,2432,60:63:4c:31:37:40,CSE-303,-55
325,1,13,2457,36:20:f9:a1:88:56,CSE OFFICE,-56
326,1,13,2437,d2:21:d7:af:f0:ae,Fihad's Galaxy,-57
327,1,13,2437,8e:fa:5f:79:06:05,Ei j eta amar wifi,-62
328,1,13,2457,bc:22:28:21:09:24,CSE-205,-62
329,1,13,2457,36:20:f9:a1:88:62,CSE OFFICE,-62
330,1,13,2457,34:60:f9:a1:88:56,,-62
331,1,13,2457,34:60:f9:a1:88:62,,-62
332,1,13,2462,34:e8:94:10:7d:fa,Hall of Fame,-64
333,1,13,2462,bc:22:28:21:55:6e,CSE-104,-66
334,1,13,2437,56:f1:5f:2e:f3:7a,Horion_yj,-66
335,1,13,2462,26:94:5a:1b:90:4d,TatakaeðŸ¥·,-67
336,1,13,2432,5e:a9:31:22:bb:0a,CSE-LAB,-67
337,1,13,2432,5c:e9:31:22:bb:0a,,-70
338,1,13,2462,60:63:4c:31:37:60,CSE-306,-72
339,1,13,2432,5c:e9:31:22:be:d6,,-78
340,1,13,2452,cc:2d:21:36:d7:90,Savage-us,-81
341,1,13,2457,ac:15:a2:84:3d:1a,CSE_OBE_CELL,-82
342,1,13,2462,02:83:7e:72:2b:0b,realme C12i,-84
343,1,14,2412,00:22:b0:05:f3:bc,CSE-204,-45
344,1,14,2472,5c:e8:d3:0a:1e:e0,!FreeNet,-50
345,1,14,2437,30:b5:c2:ea:5b:44,DataLab@BUET,-55
346,1,14,2432,60:63:4c:31:37:40,CSE-303,-55
347,1,14,2457,36:20:f9:a1:88:56,CSE OFFICE,-56
348,1,14,2437,d2:21:d7:af:f0:ae,Fihad's Galaxy,-57
349,1,14,2437,8e:fa:5f:79:06:05,Ei j eta amar wifi,-62
350,1,14,2457,bc:22:28:21:09:24,CSE-205,-62
351,1,14,2457,36:20:f9:a1:88:62,CSE OFFICE,-62
352,1,14,2457,34:60:f9:a1:88:56,,-62
353,1,14,2457,34:60:f9:a1:88:62,,-62
354,1,14,2462,34:e8:94:10:7d:fa,Hall of Fame,-64
355,1,14,2462,bc:22:28:21:55:6e,CSE-104,-66
356,1,14,2437,56:f1:5f:2e:f3:7a,Horion_yj,-66
357,1,14,2462,26:94:5a:1b:90:4d,TatakaeðŸ¥·,-67
358,1,14,2432,5e:a9:31:22:bb:0a,CSE-LAB,-67
359,1,14,2432,5c:e9:31:22:bb:0a,,-70
360,1,14,2462,60:63:4c:31:37:60,CSE-306,-72
361,1,14,2432,5c:e9:31:22:be:d6,,-78
362,1,14,2452,cc:2d:21:36:d7:90,Savage-us,-81
363,1,14,2457,ac:15:a2:84:3d:1a,CSE_OBE_CELL,-82
364,1,14,2462,02:83:7e:72:2b:0b,realme C12i,-84
365,1,15,2412,00:22:b0:05:f3:bc,CSE-204,-45
366,1,15,2472,5c:e8:d3:0a:1e:e0,!FreeNet,-50
367,1,15,2437,30:b5:c2:ea:5b:44,DataLab@BUET,-55
368,1,15,2432,60:63:4c:31:37:40,CSE-303,-55
369,1,15,2457,36:20:f9:a1:88:56,CSE OFFICE,-56
370,1,15,2437,d2:21:d7:af:f0:ae,Fihad's Galaxy,-57
371,1,15,2437,8e:fa:5f:79:06:05,Ei j eta amar wifi,-62
372,1,15,2457,bc:22:28:21:09:24,CSE-205,-62
373,1,15,2457,36:20:f9:a1:88:62,CSE OFFICE,-62
374,1,15,2457,34:60:f9:a1:88:56,,-62
375,1,15,2457,34:60:f9:a1:88:62,,-62
376,1,15,2462,34:e8:94:10:7d:fa,Hall of Fame,-64
377,1,15,2462,bc:22:28:21:55:6e,CSE-104,-66
378,1,15,2437,56:f1:5f:2e:f3:7a,Horion_yj,-66
379,1,15,2462,26:94:5a:1b:90:4d,TatakaeðŸ¥·,-67
380,1,15,2432,5e:a9:31:22:bb:0a,CSE-LAB,-67
381,1,15,2432,5c:e9:31:22:bb:0a,,-70
382,1,15,2462,60:63:4c:31:37:60,CSE-306,-72
383,1,15,2432,5c:e9:31:22:be:d6,,-78
384,1,15,2452,cc:2d:21:36:d7:90,Savage-us,-81
385,1,15,2457,ac:15:a2:84:3d:1a,CSE_OBE_CELL,-82
386,1,15,2462,02:83:7e:72:2b:0b,realme C12i,-84
387,1,16,2412,00:22:b0:05:f3:bc,CSE-204,-45
388,1,16,2472,5c:e8:d3:0a:1e:e0,!FreeNet,-50
389,1,16,2437,30:b5:c2:ea:5b:44,DataLab@BUET,-55
390,1,16,2432,60:63:4c:31:37:40,CSE-303,-55
391,1,16,2457,36:20:f9:a1:88:56,CSE OFFICE,-56
392,1,16,2437,d2:21:d7:af:f0:ae,Fihad's Galaxy,-57
393,1,16,2437,8e:fa:5f:79:06:05,Ei j eta amar wifi,-62
394,1,16,2457,bc:22:28:21:09:24,CSE-205,-62
395,1,16,2457,36:20:f9:a1:88:62,CSE OFFICE,-62
396,1,16,2457,34:60:f9:a1:88:56,,-62
397,1,16,2457,34:60:f9:a1:88:62,,-62
398,1,16,2462,34:e8:94:10:7d:fa,Hall of Fame,-64
399,1,16,2462,bc:22:28:21:55:6e,CSE-104,-66
400,1,16,2437,56:f1:5f:2e:f3:7a,Horion_yj,-66
401,1,16,2462,26:94:5a:1b:90:4d,TatakaeðŸ¥·,-67
402,1,16,2432,5e:a9:31:22:bb:0a,CSE-LAB,-67
403,1,16,2432,5c:e9:31:22:bb:0a,,-70
404,1,16,2462,60:63:4c:31:37:60,CSE-306,-72
405,1,16,2432,5c:e9:31:22:be:d6,,-78
406,1,16,2452,cc:2d:21:36:d7:90,Savage-us,-81
407,1,16,2457,ac:15:a2:84:3d:1a,CSE_OBE_CELL,-82
408,1,16,2462,02:83:7e:72:2b:0b,realme C12i,-84
409,1,17,2472,5c:e8:d3:0a:1e:e0,!FreeNet,-47
410,1,17,2432,60:63:4c:31:37:40,CSE-303,-52
411,1,17,2412,00:22:b0:05:f3:bc,CSE-204,-54
412,1,17,2457,34:60:f9:a1:88:56,,-56
413,1,17,2457,36:20:f9:a1:88:56,CSE OFFICE,-56
414,1,17,2437,d2:21:d7:af:f0:ae,Fihad's Galaxy,-57
415,1,17,2437,8e:fa:5f:79:06:05,Ei j eta amar wifi,-62
416,1,17,2457,bc:22:28:21:09:24,CSE-205,-62
417,1,17,2457,36:20:f9:a1:88:62,CSE OFFICE,-62
418,1,17,2462,34:e8:94:10:7d:fa,Hall of Fame,-62
419,1,17,2457,34:60:f9:a1:88:62,,-62
420,1,17,2462,26:94:5a:1b:90:4d,TatakaeðŸ¥·,-67
421,1,17,2462,bc:22:28:21:55:6e,CSE-104,-70
422,1,17,2432,5c:e9:31:22:bb:0a,,-70
423,1,17,2412,56:24:f1:d4:40:ff,Redmi Note 10,-71
424,1,17,2432,5c:e9:31:22:be:d6,,-78
425,1,17,2452,cc:2d:21:36:d7:90,Savage-us,-81
426,1,18,2472,5c:e8:d3:0a:1e:e0,!FreeNet,-47
427,1,18,2432,60:63:4c:31:37:40,CSE-303,-52
428,1,18,2412,00:22:b0:05:f3:bc,CSE-204,-54
429,1,18,2457,34:60:f9:a1:88:56,,-56
430,1,18,2457,36:20:f9:a1:88:56,CSE OFFICE,-56
431,1,18,2437,d2:21:d7:af:f0:ae,Fihad's Galaxy,-57
432,1,18,2437,8e:fa:5f:79:06:05,Ei j eta amar wifi,-62
433,1,18,2457,bc:22:28:21:09:24,CSE-205,-62
434,1,18,2457,36:20:f9:a1:88:62,CSE OFFICE,-62
435,1,18,2462,34:e8:94:10:7d:fa,Hall of Fame,-62
436,1,18,2457,34:60:f9:a1:88:62,,-62
437,1,18,2462,26:94:5a:1b:90:4d,TatakaeðŸ¥·,-67
438,1,18,2462,bc:22:28:21:55:6e,CSE-104,-70
439,1,18,2432,5c:e9:31:22:bb:0a,,-70
440,1,18,2412,56:24:f1:d4:40:ff,Redmi Note 10,-71
441,1,18,2432,5c:e9:31:22:be:d6,,-78
442,1,18,2452,cc:2d:21:36:d7:90,Savage-us,-81
443,1,19,2472,5c:e8:d3:0a:1e:e0,!FreeNet,-44
444,1,19,2432,60:63:4c:31:37:40,CSE-303,-52
445,1,19,2457,34:60:f9:a1:88:56,,-56
446,1,19,2412,00:22:b0:05:f3:bc,CSE-204,-57
447,1,19,2457,36:20:f9:a1:88:56,CSE OFFICE,-57
448,1,19,2457,bc:22:28:21:09:24,CSE-205,-60
449,1,19,2457,36:20:f9:a1:88:62,CSE OFFICE,-60
450,1,19,2462,34:e8:94:10:7d:fa,Hall of Fame,-62
451,1,19,2437,30:b5:c2:ea:5b:44,DataLab@BUET,-66
452,1,19,2437,d2:21:d7:af:f0:ae,Fihad's Galaxy,-67
453,1,19,2462,bc:22:28:21:55:6e,CSE-104,-70
454,1,19,2412,56:24:f1:d4:40:ff,Redmi Note 10,-71
455,1,19,2432,5c:e9:31:22:bb:0a,,-73
456,1,19,2437,46:44:d1:b3:33:78,Galaxy M12 396F,-81
457,1,19,2472,78:98:e8:38:3b:04,Arham 2.5G Network,-83
458,2,0,2437,46:44:d1:b3:33:78,Galaxy M12 396F,-55
459,2,0,2462,8e:f6:fd:8d:6d:a4,POCO X3 Pro,-55
460,2,0,2412,18:0f:76:c3:06:8d,CSE-304,-56
461,2,0,2432,60:63:4c:31:37:40,CSE-303,-59
462,2,0,2472,5c:e8:d3:0a:1e:e0,!FreeNet,-60
463,2,0,2437,d2:21:d7:af:f0:ae,Fihad's Galaxy,-60
464,2,0,2437,30:b5:c2:ea:5b:44,DataLab@BUET,-66
465,2,0,2432,5e:a9:31:22:bb:0a,CSE-LAB,-67
466,2,0,2437,8e:94:9f:cb:b9:b0,Fuad's A54,-67
467,2,0,2412,00:22:b0:05:f3:bc,CSE-204,-69
468,2,0,2437,8e:fa:5f:79:06:05,Ei j eta amar wifi,-70
469,2,0,2412,56:24:f1:d4:40:ff,Redmi Note 10,-72
470,2,0,2437,56:f1:5f:2e:f3:7a,Horion_yj,-74
471,2,1,2432,60:63:4c:31:37:40,CSE-303,-51
472,2,1,2437,46:44:d1:b3:33:78,Galaxy M12 396F,-58
473,2,1,2437,d2:21:d7:af:f0:ae,Fihad's Galaxy,-66
474,2,1,2432,5e:a9:31:22:bb:0a,CSE-LAB,-67
475,2,1,2437,8e:94:9f:cb:b9:b0,Fuad's A54,-67
476,2,1,2457,bc:22:28:21:09:24,CSE-205,-68
477,2,1,2437,56:f1:5f:2e:f3:7a,Horion_yj,-74
478,2,1,2472,5c:e8:d3:0a:1e:e0,!FreeNet,-74
479,2,1,2437,8e:fa:5f:79:06:05,Ei j eta amar wifi,-74
480,2,2,2432,60:63:4c:31:37:40,CSE-303,-51
481,2,2,2437,46:44:d1:b3:33:78,Galaxy M12 396F,-54
482,2,2,2412,18:0f:76:c3:06:8d,CSE-304,-56
483,2,2,2412,00:22:b0:05:f3:bc,CSE-204,-57
484,2,2,2437,96:33:56:57:7a:84,iPhone (3),-57
485,2,2,2472,5c:e8:d3:0a:1e:e0,!FreeNet,-60
486,2,2,2457,36:20:f9:a1:88:62,CSE OFFICE,-65
487,2,2,2437,d2:21:d7:af:f0:ae,Fihad's Galaxy,-66
488,2,2,2457,bc:22:28:21:09:24,CSE-205,-68
489,2,2,2457,36:20:f9:a1:88:56,CSE OFFICE,-69
490,2,2,2462,bc:22:28:21:55:6e,CSE-104,-70
491,2,2,2437,56:f1:5f:2e:f3:7a,Horion_yj,-73
492,2,2,2412,56:24:f1:d4:40:ff,Redmi Note 10,-77
493,2,2,2462,60:63:4c:31:37:60,CSE-306,-82
494,2,2,2437,70:4c:a5:64:bc:61,eduroam,-87
495,2,3,2432,60:63:4c:31:37:40,CSE-303,-52
496,2,3,2412,18:0f:76:c3:06:8d,CSE-304,-55
497,2,3,2437,46:44:d1:b3:33:78,Galaxy M12 396F,-55
498,2,3,2472,5c:e8:d3:0a:1e:e0,!FreeNet,-57
499,2,3,2462,8e:f6:fd:8d:6d:a4,POCO X3 Pro,-58
500,2,3,2412,00:22:b0:05:f3:bc,CSE-204,-60
501,2,3,2437,56:f1:5f:2e:f3:7a,Horion_yj,-63
502,2,3,2457,bc:22:28:21:09:24,CSE-205,-64
503,2,3,2437,8e:94:9f:cb:b9:b0,Fuad's A54,-69
504,2,3,2457,34:60:f9:a1:88:56,,-69
505,2,3,2437,8e:fa:5f:79:06:05,Ei j eta amar wifi,-70
506,2,3,2457,36:20:f9:a1:88:56,CSE OFFICE,-70
507,2,3,2437,d2:21:d7:af:f0:ae,Fihad's Galaxy,-71
508,2,3,2412,56:24:f1:d4:40:ff,Redmi Note 10,-72
509,2,3,2462,34:e8:94:10:7d:fa,Hall of Fame,-75
510,2,3,2437,96:33:56:57:7a:84,iPhone (3),-80
511,2,4,2462,8e:f6:fd:8d:6d:a4,POCO X3 Pro,-53
512,2,4,2432,60:63:4c:31:37:40,CSE-303,-54
513,2,4,2472,5c:e8:d3:0a:1e:e0,!FreeNet,-60
514,2,4,2457,bc:22:28:21:09:24,CSE-205,-60
515,2,4,2437,8e:94:9f:cb:b9:b0,Fuad's A54,-61
516,2,4,2457,36:20:f9:a1:88:56,CSE OFFICE,-62
517,2,4,2412,18:0f:76:c3:06:8d,CSE-304,-63
518,2,4,2437,46:44:d1:b3:33:78,Galaxy M12 396F,-63
519,2,4,2412,00:22:b0:05:f3:bc,CSE-204,-65
520,2,4,2457,36:20:f9:a1:88:62,CSE OFFICE,-65
521,2,4,2437,30:b5:c2:ea:5b:44,DataLab@BUET,-66
522,2,4,2437,d2:21:d7:af:f0:ae,Fihad's Galaxy,-71
523,2,5,2432,60:63:4c:31:37:40,CSE-303,-53
524,2,5,2437,46:44:d1:b3:33:78,Galaxy M12 396F,-56
525,2,5,2437,30:b5:c2:ea:5b:44,DataLab@BUET,-61
526,2,5,2412,18:0f:76:c3:06:8d,CSE-304,-62
527,2,5,2437,8e:94:9f:cb:b9:b0,Fuad's A54,-62
528,2,5,2412,00:22:b0:05:f3:bc,CSE-204,-63
529,2,5,2457,bc:22:28:21:09:24,CSE-205,-64
530,2,5,2462,8e:f6:fd:8d:6d:a4,POCO X3 Pro,-66
531,2,5,2462,26:94:5a:1b:90:4d,TatakaeðŸ¥·,-67
532,2,5,2457,36:20:f9:a1:88:62,CSE OFFICE,-69
533,2,5,2457,36:20:f9:a1:88:56,CSE OFFICE,-69
534,2,5,2457,34:60:f9:a1:88:56,,-69
535,2,5,2472,5c:e8:d3:0a:1e:e0,!FreeNet,-71
536,2,5,2412,56:24:f1:d4:40:ff,Redmi Note 10,-79
537,2,6,2412,18:0f:76:c3:06:8d,CSE-304,-56
538,2,6,2412,00:22:b0:05:f3:bc,CSE-204,-58
539,2,6,2437,d2:21:d7:af:f0:ae,Fihad's Galaxy,-58
540,2,6,2437,46:44:d1:b3:33:78,Galaxy M12 396F,-58
541,2,6,2432,60:63:4c:31:37:40,CSE-303,-59
542,2,6,2472,5c:e8:d3:0a:1e:e0,!FreeNet,-60
543,2,6,2457,bc:22:28:21:09:24,CSE-205,-63
544,2,6,2457,36:20:f9:a1:88:56,CSE OFFICE,-64
545,2,6,2437,56:f1:5f:2e:f3:7a,Horion_yj,-65
546,2,6,2437,8e:94:9f:cb:b9:b0,Fuad's A54,-67
547,2,6,2462,34:e8:94:10:7d:fa,Hall of Fame,-67
548,2,6,2462,bc:22:28:21:55:6e,CSE-104,-67
549,2,6,2462,8e:f6:fd:8d:6d:a4,POCO X3 Pro,-73
550,2,6,2412,56:24:f1:d4:40:ff,Redmi Note 10,-75
551,2,6,2437,96:33:56:57:7a:84,iPhone (3),-75
552,2,6,2437,56:f1:5f:2e:db:20,Horion_j6,-76
553,2,6,2457,36:20:f9:a1:8b:8e,CSE OFFICE,-81
554,2,6,2452,5c:e9:31:97:28:f4,Room no 1103,-85
555,2,7,2412,18:0f:76:c3:06:8d,CSE-304,-58
556,2,7,2432,60:63:4c:31:37:40,CSE-303,-59
557,2,7,2437,8e:94:9f:cb:b9:b0,Fuad's A54,-62
558,2,7,2437,30:b5:c2:ea:5b:44,DataLab@BUET,-63
559,2,7,2472,5c:e8:d3:0a:1e:e0,!FreeNet,-67
560,2,7,2462,8e:f6:fd:8d:6d:a4,POCO X3 Pro,-68
561,2,7,2457,36:20:f9:a1:88:62,CSE OFFICE,-68
562,2,7,2457,34:60:f9:a1:88:56,,-68
563,2,7,2462,34:e8:94:10:7d:fa,Hall of Fame,-76
564,2,8,2412,18:0f:76:c3:06:8d,CSE-304,-57
565,2,8,2412,00:22:b0:05:f3:bc,CSE-204,-58
566,2,8,2457,36:20:f9:a1:88:62,CSE OFFICE,-62
567,2,8,2437,8e:94:9f:cb:b9:b0,Fuad's A54,-63
568,2,8,2457,bc:22:28:21:09:24,CSE-205,-64
569,2,8,2432,60:63:4c:31:37:40,CSE-303,-66
570,2,8,2437,30:b5:c2:ea:5b:44,DataLab@BUET,-70
571,2,8,2462,bc:22:28:21:55:6e,CSE-104,-70
572,2,8,2462,26:94:5a:1b:90:4d,TatakaeðŸ¥·,-70
573,2,8,2457,34:60:f9:a1:88:56,,-73
574,2,8,2437,46:44:d1:b3:33:78,Galaxy M12 396F,-74
575,2,8,2437,8e:fa:5f:79:06:05,Ei j eta amar wifi,-74
576,2,8,2462,8e:f6:fd:8d:6d:a4,POCO X3 Pro,-75
577,2,8,2472,5c:e8:d3:0a:1e:e0,!FreeNet,-77
578,2,8,2432,5c:e9:31:22:bb:0a,,-77
579,2,8,2462,60:63:4c:31:37:60,CSE-306,-82
580,2,8,2412,56:24:f1:d4:40:ff,Redmi Note 10,-83
581,2,9,2432,60:63:4c:31:37:40,CSE-303,-49
582,2,9,2472,5c:e8:d3:0a:1e:e0,!FreeNet,-59
583,2,9,2412,18:0f:76:c3:06:8d,CSE-304,-61
584,2,9,2457,bc:22:28:21:09:24,CSE-205,-62
585,2,9,2412,00:22:b0:05:f3:bc,CSE-204,-63
586,2,9,2437,30:b5:c2:ea:5b:44,DataLab@BUET,-64
587,2,9,2457,34:60:f9:a1:88:62,,-64
588,2,9,2437,46:44:d1:b3:33:78,Galaxy M12 396F,-66
589,2,9,2437,d2:21:d7:af:f0:ae,Fihad's Galaxy,-66
590,2,9,2457,36:20:f9:a1:88:56,CSE OFFICE,-67
591,2,9,2422,24:2f:d0:88:39:a2,,-69
592,2,9,2422,26:2f:d0:88:39:a2,IAC,-71
593,2,9,2437,56:f1:5f:2e:f3:7a,Horion_yj,-72
594,2,9,2437,72:f1:12:0f:b9:81,Galaxy A34 5G EFE7,-74
595,2,9,2432,5e:a9:31:22:bb:0a,CSE-LAB,-75
596,2,9,2412,56:24:f1:d4:40:ff,Redmi Note 10,-76
597,2,9,2462,26:94:5a:1b:90:4d,TatakaeðŸ¥·,-76
598,2,9,2437,56:f1:5f:2e:db:20,Horion_j6,-85
599,2,10,2437,30:b5:c2:ea:5b:44,DataLab@BUET,-54
600,2,10,2432,60:63:4c:31:37:40,CSE-303,-55
601,2,10,2437,d2:21:d7:af:f0:ae,Fihad's Galaxy,-57
602,2,10,2412,18:0f:76:c3:06:8d,CSE-304,-59
603,2,10,2437,46:44:d1:b3:33:78,Galaxy M12 396F,-59
604,2,10,2437,8e:94:9f:cb:b9:b0,Fuad's A54,-60
605,2,10,2472,5c:e8:d3:0a:1e:e0,!FreeNet,-63
606,2,10,2457,36:20:f9:a1:88:62,CSE OFFICE,-63
607,2,10,2457,bc:22:28:21:09:24,CSE-205,-67
608,2,10,2412,56:24:f1:d4:40:ff,Redmi Note 10,-68
609,2,10,2462,8e:f6:fd:8d:6d:a4,POCO X3 Pro,-69
610,2,10,2462,bc:22:28:21:55:6e,CSE-104,-69
611,2,10,2437,56:f1:5f:2e:f3:7a,Horion_yj,-71
612,2,10,2462,26:94:5a:1b:90:4d,TatakaeðŸ¥·,-72
613,2,10,2437,bc:22:28:21:09:ba,CSE-206,-81
614,2,11,2437,46:44:d1:b3:33:78,Galaxy M12 396F,-56
615,2,11,2432,60:63:4c:31:37:40,CSE-303,-59
616,2,11,2412,00:22:b0:05:f3:bc,CSE-204,-60
617,2,11,2412,18:0f:76:c3:06:8d,CSE-304,-62
618,2,11,2457,34:60:f9:a1:88:62,,-67
619,2,11,2437,56:f1:5f:2e:f3:7a,Horion_yj,-67
620,2,11,2457,36:20:f9:a1:88:62,CSE OFFICE,-68
621,2,11,2437,d2:21:d7:af:f0:ae,Fihad's Galaxy,-68
622,2,11,2472,5c:e8:d3:0a:1e:e0,!FreeNet,-69
623,2,11,2412,56:24:f1:d4:40:ff,Redmi Note 10,-70
624,2,11,2437,30:b5:c2:ea:5b:44,DataLab@BUET,-72
625,2,11,2462,8e:f6:fd:8d:6d:a4,POCO X3 Pro,-77
626,2,12,2432,60:63:4c:31:37:40,CSE-303,-50
627,2,12,2472,5c:e8:d3:0a:1e:e0,!FreeNet,-56
628,2,12,2412,00:22:b0:05:f3:bc,CSE-204,-60
629,2,12,2437,46:44:d1:b3:33:78,Galaxy M12 396F,-60
630,2,12,2412,18:0f:76:c3:06:8d,CSE-304,-63
631,2,12,2437,30:b5:c2:ea:5b:44,DataLab@BUET,-63
632,2,12,2462,8e:f6:fd:8d:6d:a4,POCO X3 Pro,-64
633,2,12,2457,bc:22:28:21:09:24,CSE-205,-65
634,2,12,2457,36:20:f9:a1:88:62,CSE OFFICE,-65
635,2,12,2437,56:f1:5f:2e:f3:7a,Horion_yj,-68
636,2,12,2457,36:20:f9:a1:88:56,CSE OFFICE,-68
637,2,12,2462,26:94:5a:1b:90:4d,TatakaeðŸ¥·,-69
638,2,12,2437,bc:22:28:21:09:ba,CSE-206,-71
639,2,12,2412,56:24:f1:d4:40:ff,Redmi Note 10,-74
640,2,13,2432,60:63:4c:31:37:40,CSE-303,-54
641,2,13,2437,46:44:d1:b3:33:78,Galaxy M12 396F,-60
642,2,13,2437,8e:94:9f:cb:b9:b0,Fuad's A54,-60
643,2,13,2457,bc:22:28:21:09:24,CSE-205,-63
644,2,13,2472,5c:e8:d3:0a:1e:e0,!FreeNet,-66
645,2,13,2462,8e:f6:fd:8d:6d:a4,POCO X3 Pro,-66
646,2,13,2457,36:20:f9:a1:88:62,CSE OFFICE,-67
647,2,13,2437,d2:21:d7:af:f0:ae,Fihad's Galaxy,-68
648,2,13,2432,5c:e9:31:22:bb:0a,,-68
649,2,13,2437,56:f1:5f:2e:f3:7a,Horion_yj,-69
650,2,13,2417,d6:2c:9e:ee:4a:20,Jo,-69
651,2,13,2432,5e:a9:31:22:bb:0a,CSE-LAB,-69
652,2,13,2437,30:b5:c2:ea:5b:44,DataLab@BUET,-71
653,2,13,2462,60:63:4c:31:37:60,CSE-306,-72
654,2,13,2437,70:4c:a5:64:bc:61,eduroam,-86
655,2,14,2432,60:63:4c:31:37:40,CSE-303,-53
656,2,14,2437,46:44:d1:b3:33:78,Galaxy M12 396F,-57
657,2,14,2412,18:0f:76:c3:06:8d,CSE-304,-61
658,2,14,2457,bc:22:28:21:09:24,CSE-205,-61
659,2,14,2437,30:b5:c2:ea:5b:44,DataLab@BUET,-61
660,2,14,2417,d6:2c:9e:ee:4a:20,Jo,-62
661,2,14,2457,34:60:f9:a1:88:56,,-64
662,2,14,2412,00:22:b0:05:f3:bc,CSE-204,-65
663,2,14,2472,5c:e8:d3:0a:1e:e0,!FreeNet,-66
664,2,14,2462,26:94:5a:1b:90:4d,TatakaeðŸ¥·,-67
665,2,14,2462,8e:f6:fd:8d:6d:a4,POCO X3 Pro,-78
666,2,14,2457,36:20:f9:a1:88:56,CSE OFFICE,-79
667,2,14,2462,34:e8:94:10:7d:fa,Hall of Fame,-79
668,2,14,2412,56:24:f1:d4:40:ff,Redmi Note 10,-82
669,2,15,2412,18:0f:76:c3:06:8d,CSE-304,-57
670,2,15,2437,46:44:d1:b3:33:78,Galaxy M12 396F,-59
671,2,15,2417,d6:2c:9e:ee:4a:20,Jo,-59
672,2,15,2437,8e:94:9f:cb:b9:b0,Fuad's A54,-60
673,2,15,2437,d2:21:d7:af:f0:ae,Fihad's Galaxy,-60
674,2,15,2412,00:22:b0:05:f3:bc,CSE-204,-62
675,2,15,2457,bc:22:28:21:09:24,CSE-205,-63
676,2,15,2437,56:f1:5f:2e:f3:7a,Horion_yj,-64
677,2,15,2457,36:20:f9:a1:88:56,CSE OFFICE,-65
678,2,15,2437,30:b5:c2:ea:5b:44,DataLab@BUET,-66
679,2,15,2432,5e:a9:31:22:bb:0a,CSE-LAB,-66
680,2,15,2472,5c:e8:d3:0a:1e:e0,!FreeNet,-67
681,2,15,2462,8e:f6:fd:8d:6d:a4,POCO X3 Pro,-68
682,2,15,2457,36:20:f9:a1:88:62,CSE OFFICE,-68
683,2,15,2462,26:94:5a:1b:90:4d,TatakaeðŸ¥·,-69
684,2,15,2412,56:24:f1:d4:40:ff,Redmi Note 10,-70
685,2,15,2422,26:2f:d0:88:39:a2,IAC,-70
686,2,15,2457,34:60:f9:a1:88:62,,-70
687,2,15,2462,bc:22:28:21:55:6e,CSE-104,-74
688,2,15,2462,34:e8:94:10:7d:fa,Hall of Fame,-77
689,2,16,2417,d6:2c:9e:ee:4a:20,Jo,-56
690,2,16,2412,18:0f:76:c3:06:8d,CSE-304,-58
691,2,16,2457,bc:22:28:21:09:24,CSE-205,-62
692,2,16,2437,46:44:d1:b3:33:78,Galaxy M12 396F,-63
693,2,16,2437,8e:94:9f:cb:b9:b0,Fuad's A54,-63
694,2,16,2437,56:f1:5f:2e:f3:7a,Horion_yj,-64
695,2,16,2457,36:20:f9:a1:88:56,CSE OFFICE,-67
696,2,16,2437,8e:fa:5f:79:06:05,Ei j eta amar wifi,-67
697,2,16,2462,8e:f6:fd:8d:6d:a4,POCO X3 Pro,-68
698,2,16,2472,5c:e8:d3:0a:1e:e0,!FreeNet,-76
699,2,17,2432,60:63:4c:31:37:40,CSE-303,-49
700,2,17,2417,d6:2c:9e:ee:4a:20,Jo,-60
701,2,17,2457,bc:22:28:21:09:24,CSE-205,-61
702,2,17,2462,bc:22:28:21:55:6e,CSE-104,-68
703,2,17,2472,5c:e8:d3:0a:1e:e0,!FreeNet,-70
704,2,17,2462,8e:f6:fd:8d:6d:a4,POCO X3 Pro,-71
705,2,17,2432,5e:a9:31:22:bb:0a,CSE-LAB,-72
706,2,17,2422,26:2f:d0:88:39:a2,IAC,-73
707,2,17,2412,56:24:f1:d4:40:ff,Redmi Note 10,-78
708,2,17,2457,ac:15:a2:84:3d:1a,CSE_OBE_CELL,-88
709,2,18,2437,d2:21:d7:af:f0:ae,Fihad's Galaxy,-56
710,2,18,2457,bc:22:28:21:09:24,CSE-205,-58
711,2,18,2432,60:63:4c:31:37:40,CSE-303,-59
712,2,18,2417,d6:2c:9e:ee:4a:20,Jo,-60
713,2,18,2457,34:60:f9:a1:88:56,,-62
714,2,18,2457,36:20:f9:a1:88:56,CSE OFFICE,-63
715,2,18,2437,56:f1:5f:2e:f3:7a,Horion_yj,-64
716,2,18,2457,36:20:f9:a1:88:62,CSE OFFICE,-64
717,2,18,2437,8e:fa:5f:79:06:05,Ei j eta amar wifi,-66
718,2,18,2472,5c:e8:d3:0a:1e:e0,!FreeNet,-68
719,2,18,2462,8e:f6:fd:8d:6d:a4,POCO X3 Pro,-68
720,2,18,2412,00:22:b0:05:f3:bc,CSE-204,-69
721,2,18,2462,34:e8:94:10:7d:fa,Hall of Fame,-75
722,2,18,2462,00:1e:2a:ba:c8:20,CSE-401,-81
723,2,19,2417,d6:2c:9e:ee:4a:20,Jo,-42
724,2,19,2432,60:63:4c:31:37:40,CSE-303,-55
725,2,19,2457,bc:22:28:21:09:24,CSE-205,-59
726,2,19,2412,18:0f:76:c3:06:8d,CSE-304,-60
727,2,19,2437,56:f1:5f:2e:f3:7a,Horion_yj,-60
728,2,19,2462,8e:f6:fd:8d:6d:a4,POCO X3 Pro,-61
729,2,19,2422,26:2f:d0:88:39:a2,IAC,-61
730,2,19,2437,8e:94:9f:cb:b9:b0,Fuad's A54,-63
731,2,19,2462,bc:22:28:21:55:6e,CSE-104,-63
732,2,19,2457,36:20:f9:a1:88:62,CSE OFFICE,-67
733,2,19,2457,34:60:f9:a1:88:56,,-73
734,2,19,2472,5c:e8:d3:0a:1e:e0,!FreeNet,-75
735,2,19,2452,b0:19:21:f7:f8:83,Room no. 614,-84
736,3,0,2457,bc:22:28:21:09:24,CSE-205,-68
737,3,0,2432,5c:e9:31:22:be:d6,,-69
738,3,0,5785,bc:22:28:21:09:21,CSE-205,-68
739,3,0,2437,bc:22:28:21:09:ba,CSE-206,-69
740,3,0,2457,36:20:f9:a1:88:56,CSE OFFICE,-74
741,3,0,2462,26:94:5a:1b:90:4d,TatakaeðŸ¥·,-62
742,3,0,2437,30:b5:c2:ea:5b:44,DataLab@BUET,-81
743,3,0,5765,bc:22:28:21:55:6c,,-81
744,3,0,2412,56:24:f1:d4:40:ff,Redmi Note 10,-71
745,3,0,5765,bc:22:28:21:55:6b,CSE-104,-83
746,3,0,5785,bc:22:28:21:09:b8,,-72
747,3,0,5745,52:29:6f:70:e8:02,Shakshor,-69
748,3,0,2412,00:22:b0:05:f3:bc,CSE-204,-69
749,3,0,5785,bc:22:28:21:09:b7,,-71
750,3,0,2457,34:60:f9:a1:8b:8e,,-63
751,3,0,2432,5e:a9:31:22:be:d6,CSE-LAB,-70
752,3,0,2462,70:4c:a5:95:b2:d1,eduroam,-84
753,3,0,2417,1e:61:b4:ac:7a:1a,CSE-306BL,-75
754,3,0,2412,18:0f:76:c3:06:8d,CSE-304,-62
755,3,0,5745,1c:61:b4:9c:79:f3,,-88
756,3,0,5805,36:62:f9:a1:88:63,CSE OFFICE,-78
757,3,0,2437,d2:21:d7:af:f0:ae,Fihad's Galaxy,-64
758,3,1,2437,46:44:d1:b3:33:78,Galaxy M12 396F,-82
759,3,1,2422,26:2f:d0:88:39:a2,IAC,-72
760,3,1,2472,5c:e8:d3:0a:1e:e0,!FreeNet,-59
761,3,1,2457,bc:22:28:21:09:24,CSE-205,-69
762,3,1,5785,bc:22:28:21:09:22,,-67
763,3,1,2437,bc:22:28:21:09:ba,CSE-206,-68
764,3,1,5785,bc:22:28:21:09:21,CSE-205,-69
765,3,1,2457,36:20:f9:a1:88:56,CSE OFFICE,-75
766,3,1,2417,1e:61:b4:ac:79:f2,CSE-306BL,-68
767,3,1,2462,26:94:5a:1b:90:4d,TatakaeðŸ¥·,-70
768,3,1,5745,1e:61:b4:ac:79:f3,CSE-306BL,-88
769,3,1,5765,bc:22:28:21:55:6c,,-81
770,3,1,5765,bc:22:28:21:55:6b,CSE-104,-80
771,3,1,5785,bc:22:28:21:09:b8,,-70
772,3,1,5745,52:29:6f:70:e8:02,Shakshor,-65
773,3,1,2412,00:22:b0:05:f3:bc,CSE-204,-66
774,3,1,2457,36:20:f9:a1:88:62,CSE OFFICE,-59
775,3,1,2432,60:63:4c:31:37:40,CSE-303,-64
776,3,1,5805,36:62:f9:a1:88:63,CSE OFFICE,-78
777,3,1,2437,d2:21:d7:af:f0:ae,Fihad's Galaxy,-65
778,3,1,2417,1c:61:b4:9c:79:f2,,-70
779,3,2,2432,5c:e9:31:22:c8:de,,-73
780,3,2,2432,5c:e9:31:22:bb:0a,,-75
781,3,2,2457,34:60:f9:a1:88:62,,-54
782,3,2,5805,34:60:f9:a1:88:63,,-83
783,3,2,2472,5c:e8:d3:0a:1e:e0,!FreeNet,-62
784,3,2,2462,76:b5:7d:a1:24:cb,Rishuk,-86
785,3,2,5785,bc:22:28:21:09:21,CSE-205,-69
786,3,2,5765,bc:22:28:21:55:6c,,-86
787,3,2,2412,56:24:f1:d4:40:ff,Redmi Note 10,-65
788,3,2,2412,56:c4:fa:bc:c1:0c,OPPO F25 Pro 5G,-73
789,3,2,5785,bc:22:28:21:09:b8,,-72
790,3,2,5745,52:29:6f:70:e8:02,Shakshor,-72
791,3,2,2412,00:22:b0:05:f3:bc,CSE-204,-67
792,3,2,2457,36:20:f9:a1:88:62,CSE OFFICE,-55
793,3,2,2417,1e:61:b4:ac:7a:1a,CSE-306BL,-74
794,3,2,2462,80:af:ca:11:95:ea,Graduate Lobby,-84
795,3,2,2412,18:0f:76:c3:06:8d,CSE-304,-63
796,3,2,2457,36:20:f9:a1:8b:8e,CSE OFFICE,-75
797,3,2,5805,36:62:f9:a1:88:63,CSE OFFICE,-83
798,3,2,2437,d2:21:d7:af:f0:ae,Fihad's Galaxy,-75
799,3,3,2432,5c:e9:31:22:c8:de,,-73
800,3,3,2432,5c:e9:31:22:bb:0a,,-75
801,3,3,2457,34:60:f9:a1:88:62,,-54
802,3,3,5805,34:60:f9:a1:88:63,,-83
803,3,3,2472,5c:e8:d3:0a:1e:e0,!FreeNet,-62
804,3,3,2462,76:b5:7d:a1:24:cb,Rishuk,-86
805,3,3,5785,bc:22:28:21:09:21,CSE-205,-69
806,3,3,5765,bc:22:28:21:55:6c,,-86
807,3,3,2412,56:24:f1:d4:40:ff,Redmi Note 10,-65
808,3,3,2412,56:c4:fa:bc:c1:0c,OPPO F25 Pro 5G,-73
809,3,3,5785,bc:22:28:21:09:b8,,-72
810,3,3,5745,52:29:6f:70:e8:02,Shakshor,-72
811,3,3,2412,00:22:b0:05:f3:bc,CSE-204,-67
812,3,3,2457,36:20:f9:a1:88:62,CSE OFFICE,-55
813,3,3,2417,1e:61:b4:ac:7a:1a,CSE-306BL,-74
814,3,3,2462,80:af:ca:11:95:ea,Graduate Lobby,-84
815,3,3,2412,18:0f:76:c3:06:8d,CSE-304,-63
816,3,3,2457,36:20:f9:a1:8b:8e,CSE OFFICE,-75
817,3,3,5805,36:62:f9:a1:88:63,CSE OFFICE,-83
818,3,3,2437,d2:21:d7:af:f0:ae,Fihad's Galaxy,-75
819,3,4,2432,5c:e9:31:22:c8:de,,-73
820,3,4,2432,5c:e9:31:22:bb:0a,,-75
821,3,4,2457,34:60:f9:a1:88:62,,-54
822,3,4,5805,34:60:f9:a1:88:63,,-83
823,3,4,2472,5c:e8:d3:0a:1e:e0,!FreeNet,-62
824,3,4,2462,76:b5:7d:a1:24:cb,Rishuk,-86
825,3,4,5785,bc:22:28:21:09:21,CSE-205,-69
826,3,4,5765,bc:22:28:21:55:6c,,-86
827,3,4,2412,56:24:f1:d4:40:ff,Redmi Note 10,-65
828,3,4,2412,56:c4:fa:bc:c1:0c,OPPO F25 Pro 5G,-73
829,3,4,5785,bc:22:28:21:09:b8,,-72
830,3,4,5745,52:29:6f:70:e8:02,Shakshor,-72
831,3,4,2412,00:22:b0:05:f3:bc,CSE-204,-67
832,3,4,2457,36:20:f9:a1:88:62,CSE OFFICE,-55
833,3,4,2417,1e:61:b4:ac:7a:1a,CSE-306BL,-74
834,3,4,2462,80:af:ca:11:95:ea,Graduate Lobby,-84
835,3,4,2412,18:0f:76:c3:06:8d,CSE-304,-63
836,3,4,2457,36:20:f9:a1:8b:8e,CSE OFFICE,-75
837,3,4,5805,36:62:f9:a1:88:63,CSE OFFICE,-83
838,3,4,2437,d2:21:d7:af:f0:ae,Fihad's Galaxy,-75
839,3,5,2432,5c:e9:31:22:c8:de,,-73
840,3,5,2432,5c:e9:31:22:bb:0a,,-75
841,3,5,2457,34:60:f9:a1:88:62,,-54
842,3,5,5805,34:60:f9:a1:88:63,,-83
843,3,5,2472,5c:e8:d3:0a:1e:e0,!FreeNet,-62
844,3,5,2462,76:b5:7d:a1:24:cb,Rishuk,-86
845,3,5,5785,bc:22:28:21:09:21,CSE-205,-69
846,3,5,5765,bc:22:28:21:55:6c,,-86
847,3,5,2412,56:24:f1:d4:40:ff,Redmi Note 10,-65
848,3,5,2412,56:c4:fa:bc:c1:0c,OPPO F25 Pro 5G,-73
849,3,5,5785,bc:22:28:21:09:b8,,-72
850,3,5,5745,52:29:6f:70:e8:02,Shakshor,-72
851,3,5,2412,00:22:b0:05:f3:bc,CSE-204,-67
852,3,5,2457,36:20:f9:a1:88:62,CSE OFFICE,-55
853,3,5,2417,1e:61:b4:ac:7a:1a,CSE-306BL,-74
854,3,5,2462,80:af:ca:11:95:ea,Graduate Lobby,-84
855,3,5,2412,18:0f:76:c3:06:8d,CSE-304,-63
856,3,5,2457,36:20:f9:a1:8b:8e,CSE OFFICE,-75
857,3,5,5805,36:62:f9:a1:88:63,CSE OFFICE,-83
858,3,5,2437,d2:21:d7:af:f0:ae,Fihad's Galaxy,-75
859,3,6,2432,5c:e9:31:22:c8:de,,-73
860,3,6,2432,5c:e9:31:22:bb:0a,,-75
861,3,6,2457,34:60:f9:a1:88:62,,-54
862,3,6,5805,34:60:f9:a1:88:63,,-83
863,3,6,2472,5c:e8:d3:0a:1e:e0,!FreeNet,-62
864,3,6,2462,76:b5:7d:a1:24:cb,Rishuk,-86
865,3,6,5785,bc:22:28:21:09:21,CSE-205,-69
866,3,6,5765,bc:22:28:21:55:6c,,-86
867,3,6,2412,56:24:f1:d4:40:ff,Redmi Note 10,-65
868,3,6,2412,56:c4:fa:bc:c1:0c,OPPO F25 Pro 5G,-73
869,3,6,5785,bc:22:28:21:09:b8,,-72
870,3,6,5745,52:29:6f:70:e8:02,Shakshor,-72
871,3,6,2412,00:22:b0:05:f3:bc,CSE-204,-67
872,3,6,2457,36:20:f9:a1:88:62,CSE OFFICE,-55
873,3,6,2417,1e:61:b4:ac:7a:1a,CSE-306BL,-74
874,3,6,2462,80:af:ca:11:95:ea,Graduate Lobby,-84
875,3,6,2412,18:0f:76:c3:06:8d,CSE-304,-63
876,3,6,2457,36:20:f9:a1:8b:8e,CSE OFFICE,-75
877,3,6,5805,36:62:f9:a1:88:63,CSE OFFICE,-83
878,3,6,2437,d2:21:d7:af:f0:ae,Fihad's Galaxy,-75
879,3,7,2432,5c:e9:31:22:c8:de,,-73
880,3,7,2432,5c:e9:31:22:bb:0a,,-75
881,3,7,2457,34:60:f9:a1:88:62,,-54
882,3,7,5805,34:60:f9:a1:88:63,,-83
883,3,7,2472,5c:e8:d3:0a:1e:e0,!FreeNet,-62
884,3,7,2462,76:b5:7d:a1:24:cb,Rishuk,-86
885,3,7,5785,bc:22:28:21:09:21,CSE-205,-69
886,3,7,5765,bc:22:28:21:55:6c,,-86
887,3,7,2412,56:24:f1:d4:40:ff,Redmi Note 10,-65
888,3,7,2412,56:c4:fa:bc:c1:0c,OPPO F25 Pro 5G,-73
889,3,7,5785,bc:22:28:21:09:b8,,-72
890,3,7,5745,52:29:6f:70:e8:02,Shakshor,-72
891,3,7,2412,00:22:b0:05:f3:bc,CSE-204,-67
892,3,7,2457,36:20:f9:a1:88:62,CSE OFFICE,-55
893,3,7,2417,1e:61:b4:ac:7a:1a,CSE-306BL,-74
894,3,7,2462,80:af:ca:11:95:ea,Graduate Lobby,-84
895,3,7,2412,18:0f:76:c3:06:8d,CSE-304,-63
896,3,7,2457,36:20:f9:a1:8b:8e,CSE OFFICE,-75
897,3,7,5805,36:62:f9:a1:88:63,CSE OFFICE,-83
898,3,7,2437,d2:21:d7:af:f0:ae,Fihad's Galaxy,-75
899,3,8,2472,5c:e8:d3:0a:1e:e0,!FreeNet,-63
900,3,8,5805,36:62:f9:a1:88:57,CSE OFFICE,-89
901,3,8,5785,bc:22:28:21:09:21,CSE-205,-73
902,3,8,2437,bc:22:28:21:09:ba,CSE-206,-73
903,3,8,2462,26:94:5a:1b:90:4d,TatakaeðŸ¥·,-67
904,3,8,2417,1e:61:b4:ac:79:f2,CSE-306BL,-70
905,3,8,2432,5e:a9:31:22:c8:de,CSE-LAB,-74
906,3,8,5765,bc:22:28:21:55:6c,,-84
907,3,8,2412,56:24:f1:d4:40:ff,Redmi Note 10,-65
908,3,8,5765,bc:22:28:21:55:6b,CSE-104,-84
909,3,8,5785,bc:22:28:21:09:b8,,-71
910,3,8,2412,a6:59:c9:64:d6:36,Pixel_5325,-71
911,3,8,5745,52:29:6f:70:e8:02,Shakshor,-69
912,3,8,5785,bc:22:28:21:09:b7,,-71
913,3,8,2432,5e:a9:31:22:be:d6,CSE-LAB,-69
914,3,8,2432,60:63:4c:31:37:40,CSE-303,-63
915,3,8,2412,18:0f:76:c3:06:8d,CSE-304,-60
916,3,8,2462,46:c4:90:f1:0a:2a,Galaxy S23 Ultra 8407,-61
917,3,8,5805,36:62:f9:a1:88:63,CSE OFFICE,-83
918,3,8,2437,d2:21:d7:af:f0:ae,Fihad's Galaxy,-73
919,3,8,5805,34:60:f9:a1:88:57,,-88
920,3,9,2457,34:60:f9:a1:88:62,,-53
921,3,9,2472,5c:e8:d3:0a:1e:e0,!FreeNet,-65
922,3,9,5805,36:62:f9:a1:88:57,CSE OFFICE,-89
923,3,9,5785,bc:22:28:21:09:22,,-75
924,3,9,5785,bc:22:28:21:09:21,CSE-205,-75
925,3,9,2462,26:94:5a:1b:90:4d,TatakaeðŸ¥·,-63
926,3,9,2417,1e:61:b4:ac:79:f2,CSE-306BL,-66
927,3,9,5765,bc:22:28:21:55:6b,CSE-104,-84
928,3,9,5745,52:29:6f:70:e8:02,Shakshor,-71
929,3,9,2412,00:22:b0:05:f3:bc,CSE-204,-69
930,3,9,5785,bc:22:28:21:09:b7,,-71
931,3,9,2457,36:20:f9:a1:88:62,CSE OFFICE,-53
932,3,9,2432,60:63:4c:31:37:40,CSE-303,-62
933,3,9,2462,46:c4:90:f1:0a:2a,Galaxy S23 Ultra 8407,-62
934,3,9,5805,36:62:f9:a1:88:63,CSE OFFICE,-81
935,3,9,5805,34:60:f9:a1:88:57,,-88
936,3,10,2432,5c:e9:31:22:c8:de,,-71
937,3,10,2457,34:60:f9:a1:88:62,,-53
938,3,10,5805,36:62:f9:a1:88:57,CSE OFFICE,-90
939,3,10,5785,bc:22:28:21:09:21,CSE-205,-76
940,3,10,2462,26:94:5a:1b:90:4d,TatakaeðŸ¥·,-65
941,3,10,2437,30:b5:c2:ea:5b:44,DataLab@BUET,-79
942,3,10,5765,bc:22:28:21:55:6c,,-84
943,3,10,5765,bc:22:28:21:55:6b,CSE-104,-84
944,3,10,2412,a6:59:c9:64:d6:36,Pixel_5325,-69
945,3,10,5785,bc:22:28:21:09:b8,,-74
946,3,10,5745,52:29:6f:70:e8:02,Shakshor,-73
947,3,10,2432,5e:a9:31:22:be:d6,CSE-LAB,-68
948,3,10,2457,36:20:f9:a1:88:62,CSE OFFICE,-54
949,3,10,2432,5e:a9:31:22:bb:0a,CSE-LAB,-75
950,3,10,2412,18:0f:76:c3:06:8d,CSE-304,-64
951,3,10,2462,46:c4:90:f1:0a:2a,Galaxy S23 Ultra 8407,-68
952,3,10,5805,36:62:f9:a1:88:63,CSE OFFICE,-82
953,3,10,2437,d2:21:d7:af:f0:ae,Fihad's Galaxy,-69
954,3,11,5805,34:60:f9:a1:88:63,,-84
955,3,11,2472,5c:e8:d3:0a:1e:e0,!FreeNet,-68
956,3,11,2457,bc:22:28:21:09:24,CSE-205,-77
957,3,11,5785,bc:22:28:21:09:21,CSE-205,-72
958,3,11,2462,26:94:5a:1b:90:4d,TatakaeðŸ¥·,-59
959,3,11,5765,bc:22:28:21:55:6c,,-81
960,3,11,5765,bc:22:28:21:55:6b,CSE-104,-81
961,3,11,2412,a6:59:c9:64:d6:36,Pixel_5325,-68
962,3,11,5745,52:29:6f:70:e8:02,Shakshor,-70
963,3,11,2412,00:22:b0:05:f3:bc,CSE-204,-66
964,3,11,2457,36:20:f9:a1:88:62,CSE OFFICE,-56
965,3,11,2432,60:63:4c:31:37:40,CSE-303,-62
966,3,11,2462,46:c4:90:f1:0a:2a,Galaxy S23 Ultra 8407,-65
967,3,11,5805,36:62:f9:a1:88:63,CSE OFFICE,-84
968,3,12,5805,36:62:f9:a1:88:57,CSE OFFICE,-88
969,3,12,5785,bc:22:28:21:09:22,,-74
970,3,12,5785,bc:22:28:21:09:21,CSE-205,-73
971,3,12,2462,26:94:5a:1b:90:4d,TatakaeðŸ¥·,-68
972,3,12,5785,bc:22:28:21:09:b8,,-75
973,3,12,5745,52:29:6f:70:e8:02,Shakshor,-75
974,3,12,2412,00:22:b0:05:f3:bc,CSE-204,-69
975,3,12,5785,bc:22:28:21:09:b7,,-77
976,3,12,2457,36:20:f9:a1:88:62,CSE OFFICE,-54
977,3,12,2432,60:63:4c:31:37:40,CSE-303,-63
978,3,12,5805,36:62:f9:a1:88:63,CSE OFFICE,-83
979,3,12,2437,d2:21:d7:af:f0:ae,Fihad's Galaxy,-65
980,3,12,5805,34:60:f9:a1:88:57,,-89
981,3,13,5805,36:62:f9:a1:88:57,CSE OFFICE,-88
982,3,13,5785,bc:22:28:21:09:22,,-74
983,3,13,5785,bc:22:28:21:09:21,CSE-205,-73
984,3,13,2462,26:94:5a:1b:90:4d,TatakaeðŸ¥·,-68
985,3,13,5785,bc:22:28:21:09:b8,,-75
986,3,13,5745,52:29:6f:70:e8:02,Shakshor,-75
987,3,13,2412,00:22:b0:05:f3:bc,CSE-204,-69
988,3,13,5785,bc:22:28:21:09:b7,,-77
989,3,13,2457,36:20:f9:a1:88:62,CSE OFFICE,-54
990,3,13,2432,60:63:4c:31:37:40,CSE-303,-63
991,3,13,5805,36:62:f9:a1:88:63,CSE OFFICE,-83
992,3,13,2437,d2:21:d7:af:f0:ae,Fihad's Galaxy,-65
993,3,13,5805,34:60:f9:a1:88:57,,-89
994,3,14,5805,36:62:f9:a1:88:57,CSE OFFICE,-88
995,3,14,5785,bc:22:28:21:09:22,,-74
996,3,14,5785,bc:22:28:21:09:21,CSE-205,-73
997,3,14,2462,26:94:5a:1b:90:4d,TatakaeðŸ¥·,-68
998,3,14,5785,bc:22:28:21:09:b8,,-75
999,3,14,5745,52:29:6f:70:e8:02,Shakshor,-75
1000,3,14,2412,00:22:b0:05:f3:bc,CSE-204,-69
1001,3,14,5785,bc:22:28:21:09:b7,,-77
1002,3,14,2457,36:20:f9:a1:88:62,CSE OFFICE,-54
1003,3,14,2432,60:63:4c:31:37:40,CSE-303,-63
1004,3,14,5805,36:62:f9:a1:88:63,CSE OFFICE,-83
1005,3,14,2437,d2:21:d7:af:f0:ae,Fihad's Galaxy,-65
1006,3,14,5805,34:60:f9:a1:88:57,,-89
1007,3,15,5805,36:62:f9:a1:88:57,CSE OFFICE,-88
1008,3,15,5785,bc:22:28:21:09:22,,-74
1009,3,15,5785,bc:22:28:21:09:21,CSE-205,-73
1010,3,15,2462,26:94:5a:1b:90:4d,TatakaeðŸ¥·,-68
1011,3,15,5785,bc:22:28:21:09:b8,,-75
1012,3,15,5745,52:29:6f:70:e8:02,Shakshor,-75
1013,3,15,2412,00:22:b0:05:f3:bc,CSE-204,-69
1014,3,15,5785,bc:22:28:21:09:b7,,-77
1015,3,15,2457,36:20:f9:a1:88:62,CSE OFFICE,-54
1016,3,15,2432,60:63:4c:31:37:40,CSE-303,-63
1017,3,15,5805,36:62:f9:a1:88:63,CSE OFFICE,-83
1018,3,15,2437,d2:21:d7:af:f0:ae,Fihad's Galaxy,-65
1019,3,15,5805,34:60:f9:a1:88:57,,-89
1020,3,16,5805,36:62:f9:a1:88:57,CSE OFFICE,-88
1021,3,16,5785,bc:22:28:21:09:22,,-74
1022,3,16,5785,bc:22:28:21:09:21,CSE-205,-73
1023,3,16,2462,26:94:5a:1b:90:4d,TatakaeðŸ¥·,-68
1024,3,16,5785,bc:22:28:21:09:b8,,-75
1025,3,16,5745,52:29:6f:70:e8:02,Shakshor,-75
1026,3,16,2412,00:22:b0:05:f3:bc,CSE-204,-69
1027,3,16,5785,bc:22:28:21:09:b7,,-77
1028,3,16,2457,36:20:f9:a1:88:62,CSE OFFICE,-54
1029,3,16,2432,60:63:4c:31:37:40,CSE-303,-63
1030,3,16,5805,36:62:f9:a1:88:63,CSE OFFICE,-83
1031,3,16,2437,d2:21:d7:af:f0:ae,Fihad's Galaxy,-65
1032,3,16,5805,34:60:f9:a1:88:57,,-89
1033,3,17,5745,52:29:6f:70:e8:02,Shakshor,-71
1034,3,17,5785,bc:22:28:21:09:b7,,-74
1035,3,17,2432,5e:a9:31:22:be:d6,CSE-LAB,-69
1036,3,17,2432,60:63:4c:31:37:40,CSE-303,-65
1037,3,17,2437,36:56:20:d4:75:60,Rayyan's Galaxy A24,-82
1038,3,17,5805,36:62:f9:a1:88:57,CSE OFFICE,-88
1039,3,17,5785,bc:22:28:21:09:22,,-73
1040,3,17,2437,bc:22:28:21:09:ba,CSE-206,-69
1041,3,17,5785,bc:22:28:21:09:21,CSE-205,-74
1042,3,17,5805,36:62:f9:a1:88:63,CSE OFFICE,-82
1043,3,17,2437,d2:21:d7:af:f0:ae,Fihad's Galaxy,-65
1044,3,17,5765,bc:22:28:21:55:6b,CSE-104,-82
1045,3,18,5785,bc:22:28:21:09:b8,,-74
1046,3,18,5745,52:29:6f:70:e8:02,Shakshor,-76
1047,3,18,5785,bc:22:28:21:09:b7,,-73
1048,3,18,2457,36:20:f9:a1:88:62,CSE OFFICE,-58
1049,3,18,2432,60:63:4c:31:37:40,CSE-303,-64
1050,3,18,5805,36:62:f9:a1:88:57,CSE OFFICE,-87
1051,3,18,5785,bc:22:28:21:09:21,CSE-205,-75
1052,3,18,5805,36:62:f9:a1:88:63,CSE OFFICE,-83
1053,3,18,5765,bc:22:28:21:55:6c,,-83
1054,3,18,2412,56:24:f1:d4:40:ff,Redmi Note 10,-65
1055,3,18,5765,bc:22:28:21:55:6b,CSE-104,-83
1056,3,19,2437,36:56:20:d4:75:60,Rayyan's Galaxy A24,-82
1057,3,19,5805,36:62:f9:a1:88:57,CSE OFFICE,-88
1058,3,19,5785,bc:22:28:21:09:22,,-71
1059,3,19,5785,bc:22:28:21:09:21,CSE-205,-71
1060,3,19,2437,bc:22:28:21:09:ba,CSE-206,-74
1061,3,19,5765,bc:22:28:21:55:6c,,-82
1062,3,19,2412,56:24:f1:d4:40:ff,Redmi Note 10,-72
1063,3,19,5765,bc:22:28:21:55:6b,CSE-104,-82
1064,3,19,5785,bc:22:28:21:09:b8,,-73
1065,3,19,5745,52:29:6f:70:e8:02,Shakshor,-72
1066,3,19,5785,bc:22:28:21:09:b7,,-72
1067,3,19,2432,5e:a9:31:22:be:d6,CSE-LAB,-70
1068,3,19,2412,18:0f:76:c3:06:8d,CSE-304,-61
1069,3,19,5805,36:62:f9:a1:88:63,CSE OFFICE,-82
1070,3,19,2437,d2:21:d7:af:f0:ae,Fihad's Galaxy,-66
1071,3,19,5805,34:60:f9:a1:88:57,,-88
1072,3,19,2457,34:60:f9:a1:88:56,,-73
