entryId,numOfScans,macAddress,ssid,countOfMac,avgStrength,stdDev,avgStrengthNoOutliers,countNoOutliers,stdDevNoOutliers
1,20,30:b5:c2:ea:5b:44,DataLab@BUET,3,-64.0,3.56,-64.0,3,3.56
1,20,00:22:b0:05:f3:bc,CSE-204,2,-72.0,0.0,-72.0,2,0.0
1,20,36:20:f9:a1:88:62,CSE OFFICE,1,-68.0,0.0,-68.0,1,0.0
1,20,60:63:4c:31:37:40,CSE-303,18,-63.11,0.99,-63.0,11,0.0
1,20,18:0f:76:c3:06:8d,CSE-304,1,-70.0,0.0,-70.0,1,0.0
1,20,60:63:4c:31:37:48,dlink,20,-88.2,1.12,-88.08,12,0.28
1,20,36:62:f9:a1:88:57,CSE OFFICE,16,-91.62,0.6,-91.89,9,0.31
1,20,bc:22:28:21:09:21,,17,-58.24,1.73,-57.9,10,1.45
1,20,36:62:f9:a1:88:63,CSE OFFICE,17,-86.94,0.64,-87.0,10,0.0
1,20,60:63:4c:31:37:60,CSE-306,14,-86.57,0.82,-87.0,9,0.0
1,20,bc:22:28:21:09:24,CSE-205,1,-60.0,0.0,-60.0,1,0.0
1,20,34:e8:94:10:7d:fa,Hall of Fame,1,-77.0,0.0,-77.0,1,0.0
2,18,bc:22:28:21:09:24,CSE-205,16,-62.94,1.56,-62.44,9,0.96
2,18,30:b5:c2:ea:5b:44,DataLab@BUET,17,-62.88,1.94,-62.6,10,1.2
2,18,00:22:b0:05:f3:bc,CSE-204,12,-66.67,3.22,-68.0,7,0.0
2,18,36:20:f9:a1:88:62,CSE OFFICE,2,-69.0,1.0,-69.0,2,1.0
2,18,60:63:4c:31:37:40,CSE-303,17,-69.24,2.29,-70.0,10,1.61
2,18,36:62:f9:a1:88:63,CSE OFFICE,2,-87.0,0.0,-87.0,2,0.0
2,18,36:62:f9:a1:88:57,CSE OFFICE,1,-87.0,0.0,-87.0,1,0.0
2,18,36:20:f9:a1:88:56,CSE OFFICE,1,-68.0,0.0,-68.0,1,0.0
2,18,36:20:f9:a1:8b:8e,CSE OFFICE,1,-74.0,0.0,-74.0,1,0.0
2,18,bc:22:28:21:09:21,,4,-72.25,1.3,-72.25,4,1.3
2,18,18:0f:76:c3:06:8d,CSE-304,3,-76.0,0.0,-76.0,3,0.0
3,18,36:20:f9:a1:88:62,CSE OFFICE,14,-59.5,2.95,-60.33,9,1.89
3,18,36:62:f9:a1:88:63,CSE OFFICE,17,-81.0,0.69,-81.1,10,0.3
3,18,bc:22:28:21:09:21,,3,-63.67,1.25,-63.67,3,1.25
3,18,60:63:4c:31:37:40,CSE-303,1,-54.0,0.0,-54.0,1,0.0
3,18,36:20:f9:a1:88:56,CSE OFFICE,9,-73.0,0.0,-73.0,6,0.0
3,18,18:0f:76:c3:06:8d,CSE-304,1,-66.0,0.0,-66.0,1,0.0
4,18,60:63:4c:31:37:40,CSE-303,17,-55.41,2.17,-55.0,10,1.67
4,18,bc:22:28:21:09:24,CSE-205,8,-58.75,3.83,-59.8,5,2.4
4,18,bc:22:28:21:09:21,,14,-55.79,5.88,-53.56,9,1.07
4,18,00:22:b0:05:f3:bc,CSE-204,11,-60.55,0.99,-61.0,6,0.0
4,18,36:62:f9:a1:88:63,CSE OFFICE,13,-84.15,1.79,-84.0,8,0.0
4,18,18:0f:76:c3:06:8d,CSE-304,2,-64.5,2.5,-64.5,2,2.5
4,18,36:20:f9:a1:88:62,CSE OFFICE,8,-65.62,2.96,-66.6,5,1.96
4,18,36:20:f9:a1:88:56,CSE OFFICE,5,-69.0,2.0,-68.0,3,0.0
4,18,34:e8:94:10:7d:fa,Hall of Fame,1,-79.0,0.0,-79.0,1,0.0
4,18,26:2f:d0:88:39:a2,IAC,1,-71.0,0.0,-71.0,1,0.0
4,18,5e:a9:31:22:bb:0a,CSE-LAB,1,-80.0,0.0,-80.0,1,0.0
5,5,bc:22:28:21:09:24,CSE-205,2,-61.5,7.5,-61.5,2,7.5
5,5,bc:22:28:21:09:21,,5,-70.2,3.49,-68.67,3,0.94
5,5,30:b5:c2:ea:5b:44,DataLab@BUET,4,-60.5,4.33,-60.5,4,4.33
5,5,36:62:f9:a1:88:63,CSE OFFICE,4,-85.5,2.6,-85.5,4,2.6
5,5,00:22:b0:05:f3:bc,CSE-204,1,-65.0,0.0,-65.0,1,0.0
5,5,60:63:4c:31:37:40,CSE-303,3,-63.0,0.0,-63.0,3,0.0
6,18,bc:22:28:21:09:24,CSE-205,6,-64.33,2.49,-65.0,3,0.0
6,18,bc:22:28:21:09:21,,4,-73.0,0.0,-73.0,4,0.0
6,18,30:b5:c2:ea:5b:44,DataLab@BUET,16,-67.19,2.24,-67.89,9,1.66
6,18,60:63:4c:31:37:40,CSE-303,17,-70.59,3.07,-71.3,10,1.55
6,18,18:0f:76:c3:06:8d,CSE-304,4,-76.0,0.0,-76.0,4,0.0
6,18,36:20:f9:a1:88:56,CSE OFFICE,12,-76.17,1.72,-76.0,7,0.0
6,18,36:20:f9:a1:88:62,CSE OFFICE,11,-73.27,0.62,-73.0,6,0.0
6,18,36:20:f9:a1:8b:8e,CSE OFFICE,9,-80.0,0.0,-80.0,6,0.0
6,18,36:62:f9:a1:88:63,CSE OFFICE,1,-87.0,0.0,-87.0,1,0.0
6,18,00:22:b0:05:f3:bc,CSE-204,1,-70.0,0.0,-70.0,1,0.0
7,18,36:62:f9:a1:88:63,CSE OFFICE,14,-91.07,1.44,-91.33,9,0.47
7,18,30:b5:c2:ea:5b:44,DataLab@BUET,15,-61.87,2.8,-61.67,9,1.7
7,18,60:63:4c:31:37:40,CSE-303,11,-64.45,2.31,-64.33,6,1.7
7,18,36:20:f9:a1:88:62,CSE OFFICE,1,-76.0,0.0,-76.0,1,0.0
7,18,36:62:f9:a1:88:57,CSE OFFICE,10,-89.8,2.18,-90.0,6,1.91
7,18,bc:22:28:21:09:21,,9,-65.67,3.23,-66.0,6,3.0
7,18,36:20:f9:a1:88:56,CSE OFFICE,1,-70.0,0.0,-70.0,1,0.0
7,18,00:22:b0:05:f3:bc,CSE-204,1,-76.0,0.0,-76.0,1,0.0
8,18,36:62:f9:a1:88:57,CSE OFFICE,3,-93.0,0.0,-93.0,3,0.0
8,18,00:22:b0:05:f3:bc,CSE-204,17,-63.18,3.03,-62.9,10,0.83
8,18,60:63:4c:31:37:40,CSE-303,3,-61.0,0.82,-61.0,3,0.82
8,18,36:62:f9:a1:88:63,CSE OFFICE,5,-90.2,1.6,-89.67,3,0.94
8,18,60:63:4c:31:37:48,dlink,18,-89.0,1.29,-88.91,11,1.0
8,18,bc:22:28:21:09:21,,4,-66.25,3.7,-66.25,4,3.7
8,18,18:0f:76:c3:06:8d,CSE-304,10,-74.1,1.64,-74.17,6,1.34
8,18,36:20:f9:a1:88:56,CSE OFFICE,3,-63.0,0.0,-63.0,3,0.0
8,18,30:b5:c2:ea:5b:44,DataLab@BUET,5,-62.2,3.92,-61.67,3,3.77
8,18,36:20:f9:a1:88:62,CSE OFFICE,3,-69.0,0.0,-69.0,3,0.0
9,18,30:b5:c2:ea:5b:44,DataLab@BUET,12,-59.08,1.04,-59.0,7,0.0
9,18,36:62:f9:a1:88:63,CSE OFFICE,6,-90.67,2.49,-90.0,3,0.0
9,18,36:62:f9:a1:88:57,CSE OFFICE,6,-91.17,2.54,-91.0,3,1.41
9,18,bc:22:28:21:09:21,,2,-65.5,9.5,-65.5,2,9.5
9,18,60:63:4c:31:37:40,CSE-303,9,-73.0,0.0,-73.0,6,0.0
9,18,36:20:f9:a1:88:62,CSE OFFICE,1,-72.0,0.0,-72.0,1,0.0
9,18,bc:22:28:21:09:24,CSE-205,5,-61.2,0.98,-61.33,3,0.94
9,18,00:22:b0:05:f3:bc,CSE-204,3,-61.0,4.32,-61.0,3,4.32
10,18,00:22:b0:05:f3:bc,CSE-204,18,-63.22,2.15,-63.64,11,1.15
10,18,60:63:4c:31:37:40,CSE-303,11,-63.91,1.44,-64.0,6,1.0
10,18,18:0f:76:c3:06:8d,CSE-304,5,-75.2,1.83,-75.33,3,1.7
10,18,60:63:4c:31:37:48,dlink,18,-87.39,2.0,-87.82,11,0.94
10,18,30:b5:c2:ea:5b:44,DataLab@BUET,10,-62.3,3.87,-61.17,6,2.27
10,18,bc:22:28:21:09:21,,5,-64.2,2.4,-64.33,3,1.89
10,18,36:20:f9:a1:88:56,CSE OFFICE,3,-59.33,4.71,-59.33,3,4.71
10,18,36:62:f9:a1:88:63,CSE OFFICE,6,-87.83,1.86,-88.33,3,1.7
10,18,36:62:f9:a1:88:57,CSE OFFICE,6,-89.17,2.97,-91.0,3,0.0
10,18,10:62:eb:77:b7:42,CSE-G04,1,-73.0,0.0,-73.0,1,0.0
10,18,bc:22:28:21:09:24,CSE-205,7,-64.29,2.19,-65.5,4,0.87
10,18,bc:22:28:21:55:6e,CSE-104,1,-84.0,0.0,-84.0,1,0.0
11,18,60:63:4c:31:37:48,dlink,18,-83.33,1.7,-83.73,11,1.35
11,18,00:22:b0:05:f3:bc,CSE-204,18,-71.33,3.5,-72.0,11,2.76
11,18,18:0f:76:c3:06:8d,CSE-304,18,-70.0,2.31,-69.27,11,0.45
11,18,10:62:eb:77:b7:42,CSE-G04,18,-69.33,1.37,-69.36,11,1.3
11,18,36:62:f9:a1:88:63,CSE OFFICE,3,-83.0,0.0,-83.0,3,0.0
12,18,36:62:f9:a1:88:63,CSE OFFICE,18,-88.94,1.54,-88.55,11,0.66
12,18,26:2f:d0:88:39:a2,IAC,1,-73.0,0.0,-73.0,1,0.0
12,18,bc:22:28:21:09:24,CSE-205,14,-61.57,1.35,-61.11,9,0.31
12,18,bc:22:28:21:09:21,,18,-68.94,2.34,-69.55,11,0.66
12,18,60:63:4c:31:37:40,CSE-303,15,-62.53,2.58,-62.0,9,0.0
12,18,36:20:f9:a1:88:62,CSE OFFICE,10,-65.1,0.3,-65.0,6,0.0
12,18,36:62:f9:a1:88:57,CSE OFFICE,5,-90.0,1.1,-89.67,3,0.47
12,18,00:22:b0:05:f3:bc,CSE-204,11,-70.09,0.67,-70.0,6,0.0
12,18,5e:a9:31:22:bb:0a,CSE-LAB,1,-68.0,0.0,-68.0,1,0.0
12,18,18:0f:76:c3:06:8d,CSE-304,1,-74.0,0.0,-74.0,1,0.0
12,18,36:20:f9:a1:88:56,CSE OFFICE,9,-69.0,0.0,-69.0,6,0.0
13,18,bc:22:28:21:09:24,CSE-205,4,-60.25,0.83,-60.25,4,0.83
13,18,60:63:4c:31:37:40,CSE-303,2,-57.0,1.0,-57.0,2,1.0
13,18,60:63:4c:31:37:48,dlink,14,-89.36,1.04,-89.67,9,0.47
13,18,36:20:f9:a1:88:56,CSE OFFICE,5,-65.6,0.8,-66.0,3,0.0
13,18,bc:22:28:21:09:21,,5,-64.0,2.9,-63.67,3,2.36
13,18,36:62:f9:a1:88:63,CSE OFFICE,5,-87.2,2.04,-86.67,3,0.47
13,18,60:63:4c:31:37:60,CSE-306,8,-82.0,0.0,-82.0,5,0.0
13,18,36:20:f9:a1:88:62,CSE OFFICE,8,-67.0,0.0,-67.0,5,0.0
14,18,30:b5:c2:ea:5b:44,DataLab@BUET,7,-69.71,1.16,-70.0,4,0.0
14,18,36:62:f9:a1:88:63,CSE OFFICE,7,-94.71,0.88,-95.0,4,0.0
14,18,bc:22:28:21:09:24,CSE-205,6,-69.67,0.94,-69.67,3,0.94
14,18,bc:22:28:21:09:21,,8,-72.38,2.78,-73.4,5,1.2
14,18,36:20:f9:a1:88:56,CSE OFFICE,5,-80.6,2.8,-82.0,3,0.0
14,18,60:63:4c:31:37:40,CSE-303,5,-71.2,0.4,-71.0,3,0.0
15,18,60:63:4c:31:37:40,CSE-303,15,-61.6,2.3,-60.89,9,1.66
15,18,30:b5:c2:ea:5b:44,DataLab@BUET,3,-67.33,7.54,-67.33,3,7.54
15,18,36:62:f9:a1:88:63,CSE OFFICE,17,-89.47,0.85,-89.2,10,0.6
15,18,bc:22:28:21:09:24,CSE-205,11,-61.82,0.39,-62.0,6,0.0
15,18,34:e8:94:10:7d:fa,Hall of Fame,2,-82.0,3.0,-82.0,2,3.0
15,18,bc:22:28:21:09:21,,4,-68.25,2.28,-68.25,4,2.28
15,18,10:62:eb:77:b7:42,CSE-G04,2,-77.5,1.5,-77.5,2,1.5
15,18,36:20:f9:a1:88:62,CSE OFFICE,2,-75.0,1.0,-75.0,2,1.0
15,18,00:22:b0:05:f3:bc,CSE-204,1,-79.0,0.0,-79.0,1,0.0
15,18,18:0f:76:c3:06:8d,CSE-304,2,-72.5,1.5,-72.5,2,1.5
15,18,36:20:f9:a1:8b:8e,CSE OFFICE,1,-86.0,0.0,-86.0,1,0.0
15,18,36:20:f9:a1:88:56,CSE OFFICE,1,-81.0,0.0,-81.0,1,0.0
15,18,60:63:4c:31:37:60,CSE-306,2,-85.0,0.0,-85.0,2,0.0
16,18,36:62:f9:a1:88:57,CSE OFFICE,6,-89.17,0.9,-89.67,3,0.47
16,18,bc:22:28:21:09:21,,9,-70.89,0.57,-71.0,6,0.0
16,18,36:62:f9:a1:88:63,CSE OFFICE,6,-91.33,1.7,-92.0,3,1.41
16,18,60:63:4c:31:37:48,dlink,18,-85.11,1.15,-84.91,11,0.51
16,18,36:20:f9:a1:88:62,CSE OFFICE,5,-66.8,3.19,-67.0,3,2.94
16,18,60:63:4c:31:37:40,CSE-303,5,-60.2,1.47,-60.0,3,1.41
16,18,30:b5:c2:ea:5b:44,DataLab@BUET,7,-63.71,1.48,-64.0,4,1.0
16,18,bc:22:28:21:55:6e,CSE-104,4,-82.0,0.0,-82.0,4,0.0
16,18,36:20:f9:a1:88:56,CSE OFFICE,2,-73.0,0.0,-73.0,2,0.0
16,18,00:22:b0:05:f3:bc,CSE-204,4,-67.0,5.0,-67.0,4,5.0
16,18,18:0f:76:c3:06:8d,CSE-304,2,-74.0,0.0,-74.0,2,0.0
17,18,bc:22:28:21:09:21,,7,-69.14,3.23,-71.0,4,0.0
17,18,36:20:f9:a1:88:62,CSE OFFICE,5,-70.0,0.0,-70.0,3,0.0
17,18,60:63:4c:31:37:48,dlink,18,-85.72,1.56,-86.18,11,1.11
17,18,5e:a9:31:22:bb:0a,CSE-LAB,2,-69.0,0.0,-69.0,2,0.0
17,18,18:0f:76:c3:06:8d,CSE-304,2,-70.0,0.0,-70.0,2,0.0
17,18,36:62:f9:a1:88:63,CSE OFFICE,4,-89.5,1.5,-89.5,4,1.5
17,18,30:b5:c2:ea:5b:44,DataLab@BUET,2,-67.0,2.0,-67.0,2,2.0
17,18,00:22:b0:05:f3:bc,CSE-204,1,-60.0,0.0,-60.0,1,0.0
17,18,10:62:eb:77:b7:42,CSE-G04,1,-75.0,0.0,-75.0,1,0.0
17,18,bc:22:28:21:09:24,CSE-205,1,-64.0,0.0,-64.0,1,0.0
17,18,36:62:f9:a1:88:57,CSE OFFICE,1,-92.0,0.0,-92.0,1,0.0
17,18,60:63:4c:31:37:40,CSE-303,9,-58.11,0.31,-58.0,6,0.0
19,11,36:62:f9:a1:88:57,CSE OFFICE,11,-87.82,0.39,-88.0,6,0.0
19,11,bc:22:28:21:09:21,,2,-64.0,2.0,-64.0,2,2.0
19,11,10:62:eb:77:b7:42,CSE-G04,1,-76.0,0.0,-76.0,1,0.0
19,11,36:62:f9:a1:88:63,CSE OFFICE,10,-87.0,0.45,-87.0,6,0.0
19,11,5e:a9:31:22:bb:0a,CSE-LAB,1,-64.0,0.0,-64.0,1,0.0
20,18,bc:22:28:21:09:21,,8,-69.25,3.46,-70.8,5,1.6
20,18,36:20:f9:a1:88:56,CSE OFFICE,8,-66.38,2.87,-66.4,5,2.58
20,18,30:b5:c2:ea:5b:44,DataLab@BUET,3,-68.0,4.08,-68.0,3,4.08
20,18,36:62:f9:a1:88:57,CSE OFFICE,5,-92.4,0.8,-92.0,3,0.0
20,18,36:62:f9:a1:88:63,CSE OFFICE,6,-92.17,0.9,-92.0,3,0.0
20,18,60:63:4c:31:37:40,CSE-303,15,-65.4,3.63,-64.78,9,2.86
21,18,bc:22:28:21:09:24,CSE-205,7,-57.29,2.55,-57.25,4,1.64
21,18,bc:22:28:21:09:21,,16,-60.06,2.7,-60.11,9,0.31
21,18,36:20:f9:a1:88:62,CSE OFFICE,4,-67.75,3.9,-67.75,4,3.9
21,18,60:63:4c:31:37:40,CSE-303,10,-70.4,1.8,-71.0,6,0.0
21,18,36:62:f9:a1:88:63,CSE OFFICE,15,-88.53,0.96,-88.33,9,0.67
21,18,36:62:f9:a1:88:57,CSE OFFICE,10,-89.6,1.2,-90.0,6,0.0
21,18,30:b5:c2:ea:5b:44,DataLab@BUET,9,-69.0,0.0,-69.0,6,0.0
21,18,00:22:b0:05:f3:bc,CSE-204,10,-58.8,2.4,-58.0,6,0.0
21,18,10:62:eb:77:b7:42,CSE-G04,9,-76.0,0.0,-76.0,6,0.0
21,18,18:0f:76:c3:06:8d,CSE-304,1,-69.0,0.0,-69.0,1,0.0
22,18,60:63:4c:31:37:40,CSE-303,14,-55.5,2.75,-55.22,9,2.3
22,18,36:20:f9:a1:88:62,CSE OFFICE,12,-65.58,0.95,-65.86,7,0.35
22,18,bc:22:28:21:09:24,CSE-205,3,-57.0,1.41,-57.0,3,1.41
22,18,bc:22:28:21:09:21,,5,-61.4,4.03,-61.33,3,3.68
22,18,36:62:f9:a1:88:63,CSE OFFICE,17,-90.35,2.08,-90.6,10,1.43
22,18,18:0f:76:c3:06:8d,CSE-304,9,-69.0,1.41,-69.0,6,0.0
22,18,00:22:b0:05:f3:bc,CSE-204,1,-69.0,0.0,-69.0,1,0.0
23,18,36:62:f9:a1:88:63,CSE OFFICE,2,-85.5,0.5,-85.5,2,0.5
23,18,60:63:4c:31:37:40,CSE-303,5,-55.0,0.63,-55.0,3,0.0
23,18,30:b5:c2:ea:5b:44,DataLab@BUET,1,-64.0,0.0,-64.0,1,0.0
23,18,bc:22:28:21:55:6e,CSE-104,1,-76.0,0.0,-76.0,1,0.0
24,18,bc:22:28:21:09:24,CSE-205,12,-49.17,4.22,-47.71,7,1.75
24,18,36:20:f9:a1:88:56,CSE OFFICE,2,-67.0,1.0,-67.0,2,1.0
24,18,36:20:f9:a1:88:62,CSE OFFICE,7,-63.0,1.6,-63.0,4,1.0
24,18,60:63:4c:31:37:40,CSE-303,11,-60.82,0.57,-61.0,6,0.0
24,18,36:62:f9:a1:88:63,CSE OFFICE,18,-87.94,2.82,-87.82,11,1.75
24,18,bc:22:28:21:09:21,,13,-52.92,1.38,-52.75,8,1.3
24,18,00:22:b0:05:f3:bc,CSE-204,9,-78.0,0.0,-78.0,6,0.0
24,18,18:0f:76:c3:06:8d,CSE-304,9,-65.0,0.0,-65.0,6,0.0
24,18,30:b5:c2:ea:5b:44,DataLab@BUET,1,-71.0,0.0,-71.0,1,0.0
25,18,36:62:f9:a1:88:63,CSE OFFICE,18,-91.39,1.92,-91.91,11,1.56
25,18,36:20:f9:a1:88:62,CSE OFFICE,6,-62.5,6.42,-61.0,3,2.45
25,18,bc:22:28:21:09:21,,5,-63.0,2.53,-63.0,3,0.0
25,18,30:b5:c2:ea:5b:44,DataLab@BUET,1,-69.0,0.0,-69.0,1,0.0
25,18,bc:22:28:21:55:6e,CSE-104,1,-84.0,0.0,-84.0,1,0.0
26,18,bc:22:28:21:09:24,CSE-205,3,-58.33,1.89,-58.33,3,1.89
26,18,bc:22:28:21:09:21,,15,-61.4,1.08,-61.22,9,0.63
26,18,30:b5:c2:ea:5b:44,DataLab@BUET,5,-63.6,0.8,-64.0,3,0.0
26,18,36:62:f9:a1:88:63,CSE OFFICE,14,-89.57,1.55,-90.0,9,0.0
26,18,60:63:4c:31:37:40,CSE-303,1,-62.0,0.0,-62.0,1,0.0
26,18,36:20:f9:a1:88:56,CSE OFFICE,1,-72.0,0.0,-72.0,1,0.0
26,18,36:20:f9:a1:88:62,CSE OFFICE,1,-58.0,0.0,-58.0,1,0.0
27,18,bc:22:28:21:09:24,CSE-205,18,-56.56,3.04,-57.45,11,2.19
27,18,36:20:f9:a1:88:62,CSE OFFICE,14,-58.0,2.1,-58.89,9,0.31
27,18,60:63:4c:31:37:40,CSE-303,6,-50.83,2.03,-51.0,3,1.41
27,18,36:62:f9:a1:88:63,CSE OFFICE,12,-86.0,0.0,-86.0,7,0.0
27,18,bc:22:28:21:09:21,,17,-60.06,1.26,-60.6,10,0.66
27,18,18:0f:76:c3:06:8d,CSE-304,3,-59.0,0.82,-59.0,3,0.82
27,18,00:22:b0:05:f3:bc,CSE-204,12,-71.17,2.76,-72.0,7,0.0
27,18,10:62:eb:77:b7:42,CSE-G04,1,-70.0,0.0,-70.0,1,0.0
28,18,36:20:f9:a1:88:62,CSE OFFICE,2,-54.5,0.5,-54.5,2,0.5
28,18,36:62:f9:a1:88:63,CSE OFFICE,15,-78.33,1.14,-78.0,9,0.0
28,18,60:63:4c:31:37:40,CSE-303,3,-55.67,0.47,-55.67,3,0.47
29,18,bc:22:28:21:09:24,CSE-205,6,-53.17,3.53,-52.0,3,0.0
29,18,36:20:f9:a1:88:62,CSE OFFICE,1,-64.0,0.0,-64.0,1,0.0
29,18,60:63:4c:31:37:40,CSE-303,12,-66.0,3.19,-66.0,7,0.0
29,18,36:62:f9:a1:88:63,CSE OFFICE,11,-87.91,0.29,-88.0,6,0.0
29,18,bc:22:28:21:09:21,,13,-60.77,4.26,-60.0,8,3.46
29,18,18:0f:76:c3:06:8d,CSE-304,1,-69.0,0.0,-69.0,1,0.0
30,18,bc:22:28:21:09:24,CSE-205,11,-56.27,1.6,-56.0,6,0.0
30,18,bc:22:28:21:09:21,,1,-67.0,0.0,-67.0,1,0.0
30,18,36:62:f9:a1:88:63,CSE OFFICE,6,-84.0,2.83,-84.0,3,2.83
30,18,60:63:4c:31:37:48,dlink,18,-85.78,3.17,-85.55,11,2.81
30,18,30:b5:c2:ea:5b:44,DataLab@BUET,2,-68.0,1.0,-68.0,2,1.0
30,18,60:63:4c:31:37:40,CSE-303,1,-62.0,0.0,-62.0,1,0.0
30,18,18:0f:76:c3:06:8d,CSE-304,1,-69.0,0.0,-69.0,1,0.0
30,18,00:22:b0:05:f3:bc,CSE-204,1,-67.0,0.0,-67.0,1,0.0
30,18,36:62:f9:a1:88:57,CSE OFFICE,3,-91.0,0.0,-91.0,3,0.0
31,18,60:63:4c:31:37:40,CSE-303,18,-75.17,3.99,-76.91,11,1.68
31,18,36:62:f9:a1:88:63,CSE OFFICE,8,-88.0,3.28,-87.8,5,1.83
31,18,bc:22:28:21:09:24,CSE-205,5,-65.0,2.45,-65.33,3,1.25
31,18,10:62:eb:77:b7:42,CSE-G04,11,-70.82,0.57,-71.0,6,0.0
31,18,36:20:f9:a1:88:62,CSE OFFICE,5,-69.8,3.92,-68.33,3,1.89
31,18,bc:22:28:21:09:21,,16,-68.06,1.56,-68.0,9,0.0
31,18,60:63:4c:31:37:60,CSE-306,3,-87.33,5.19,-87.33,3,5.19
31,18,18:0f:76:c3:06:8d,CSE-304,9,-78.0,0.0,-78.0,6,0.0
32,18,36:62:f9:a1:88:63,CSE OFFICE,9,-89.33,1.56,-89.5,6,1.12
32,18,36:20:f9:a1:88:62,CSE OFFICE,1,-63.0,0.0,-63.0,1,0.0
32,18,00:22:b0:05:f3:bc,CSE-204,4,-67.75,0.43,-67.75,4,0.43
32,18,18:0f:76:c3:06:8d,CSE-304,1,-71.0,0.0,-71.0,1,0.0
32,18,60:63:4c:31:37:40,CSE-303,9,-58.0,0.0,-58.0,6,0.0
32,18,36:62:f9:a1:88:57,CSE OFFICE,14,-94.43,0.9,-94.78,9,0.42
32,18,30:b5:c2:ea:5b:44,DataLab@BUET,3,-61.67,1.89,-61.67,3,1.89
33,18,36:20:f9:a1:88:62,CSE OFFICE,8,-62.25,2.99,-63.4,5,0.49
33,18,60:63:4c:31:37:40,CSE-303,8,-60.5,3.28,-61.6,5,0.49
33,18,bc:22:28:21:09:21,,14,-68.0,3.89,-68.11,9,1.97
33,18,00:22:b0:05:f3:bc,CSE-204,2,-69.5,0.5,-69.5,2,0.5
33,18,36:62:f9:a1:88:63,CSE OFFICE,7,-84.29,1.91,-84.75,4,1.09
33,18,bc:22:28:21:09:24,CSE-205,7,-57.43,3.25,-58.25,4,1.3
33,18,30:b5:c2:ea:5b:44,DataLab@BUET,2,-70.5,1.5,-70.5,2,1.5
33,18,18:0f:76:c3:06:8d,CSE-304,1,-75.0,0.0,-75.0,1,0.0
34,18,bc:22:28:21:09:24,CSE-205,8,-59.75,2.33,-60.0,5,2.1
34,18,bc:22:28:21:09:21,,15,-57.0,0.37,-57.0,9,0.0
34,18,36:20:f9:a1:88:56,CSE OFFICE,1,-77.0,0.0,-77.0,1,0.0
34,18,60:63:4c:31:37:40,CSE-303,14,-61.64,1.17,-61.33,9,0.67
34,18,36:62:f9:a1:88:63,CSE OFFICE,15,-88.53,1.31,-89.0,9,0.0
34,18,60:63:4c:31:37:48,dlink,15,-83.73,1.0,-84.0,9,0.0
34,18,36:20:f9:a1:88:62,CSE OFFICE,2,-69.5,1.5,-69.5,2,1.5
34,18,5e:a9:31:22:bb:0a,CSE-LAB,11,-73.0,0.0,-73.0,6,0.0
34,18,18:0f:76:c3:06:8d,CSE-304,3,-70.0,2.16,-70.0,3,2.16
34,18,10:62:eb:77:b7:42,CSE-G04,1,-58.0,0.0,-58.0,1,0.0
34,18,bc:22:28:21:55:6e,CSE-104,10,-81.0,0.0,-81.0,6,0.0
34,18,30:b5:c2:ea:5b:44,DataLab@BUET,5,-65.4,0.8,-65.0,3,0.0
35,18,60:63:4c:31:37:40,CSE-303,12,-64.67,1.55,-64.0,7,0.0
35,18,bc:22:28:21:09:21,,16,-77.38,6.79,-80.11,9,1.66
35,18,00:22:b0:05:f3:bc,CSE-204,1,-65.0,0.0,-65.0,1,0.0
35,18,36:62:f9:a1:88:63,CSE OFFICE,1,-87.0,0.0,-87.0,1,0.0
35,18,36:62:f9:a1:88:57,CSE OFFICE,1,-90.0,0.0,-90.0,1,0.0
35,18,26:2f:d0:88:39:a2,IAC,10,-88.0,0.0,-88.0,6,0.0
35,18,bc:22:28:21:55:6e,CSE-104,1,-93.0,0.0,-93.0,1,0.0
35,18,30:b5:c2:ea:5b:44,DataLab@BUET,5,-67.2,2.4,-68.0,3,1.41
36,18,00:22:b0:05:f3:bc,CSE-204,17,-70.12,4.92,-72.4,10,1.8
36,18,18:0f:76:c3:06:8d,CSE-304,12,-68.58,3.59,-67.0,7,0.0
36,18,10:62:eb:77:b7:42,CSE-G04,11,-80.36,1.15,-80.0,6,0.0
36,18,bc:22:28:21:09:21,,10,-64.0,0.0,-64.0,6,0.0
36,18,36:62:f9:a1:88:63,CSE OFFICE,10,-90.0,0.0,-90.0,6,0.0
36,18,36:62:f9:a1:88:57,CSE OFFICE,1,-88.0,0.0,-88.0,1,0.0
36,18,36:20:f9:a1:88:56,CSE OFFICE,5,-61.4,1.74,-61.0,3,1.41
36,18,30:b5:c2:ea:5b:44,DataLab@BUET,1,-71.0,0.0,-71.0,1,0.0
36,18,60:63:4c:31:37:40,CSE-303,5,-73.6,3.88,-75.33,3,0.94
36,18,5e:a9:31:22:bb:0a,CSE-LAB,1,-75.0,0.0,-75.0,1,0.0
37,18,bc:22:28:21:09:24,CSE-205,5,-59.0,2.76,-59.33,3,2.05
37,18,bc:22:28:21:09:21,,15,-55.93,3.89,-54.11,9,0.31
37,18,60:63:4c:31:37:40,CSE-303,16,-56.44,1.94,-56.11,9,0.31
37,18,36:62:f9:a1:88:63,CSE OFFICE,18,-88.11,1.52,-87.73,11,0.96
37,18,36:20:f9:a1:88:62,CSE OFFICE,2,-65.5,2.5,-65.5,2,2.5
37,18,18:0f:76:c3:06:8d,CSE-304,11,-68.91,0.29,-69.0,6,0.0
37,18,30:b5:c2:ea:5b:44,DataLab@BUET,2,-68.0,4.0,-68.0,2,4.0
37,18,00:22:b0:05:f3:bc,CSE-204,3,-75.0,2.83,-75.0,3,2.83
37,18,bc:22:28:21:55:6e,CSE-104,1,-74.0,0.0,-74.0,1,0.0
38,18,60:63:4c:31:37:40,CSE-303,18,-49.94,2.22,-50.18,11,0.94
38,18,60:63:4c:31:37:48,dlink,18,-81.44,4.76,-82.27,11,3.6
38,18,36:62:f9:a1:88:63,CSE OFFICE,2,-80.0,0.0,-80.0,2,0.0
38,18,bc:22:28:21:09:24,CSE-205,11,-50.09,1.44,-50.5,6,0.5
38,18,bc:22:28:21:09:21,,5,-56.4,4.41,-57.0,3,4.24
38,18,30:b5:c2:ea:5b:44,DataLab@BUET,6,-67.0,0.0,-67.0,3,0.0
39,15,36:62:f9:a1:88:57,CSE OFFICE,11,-85.0,2.37,-86.0,6,0.0
39,15,bc:22:28:21:09:21,,1,-77.0,0.0,-77.0,1,0.0
39,15,60:63:4c:31:37:40,CSE-303,10,-68.8,3.6,-70.0,6,0.0
39,15,5e:a9:31:22:bb:0a,CSE-LAB,2,-70.0,4.0,-70.0,2,4.0
39,15,36:20:f9:a1:8b:8e,CSE OFFICE,1,-79.0,0.0,-79.0,1,0.0
39,15,36:62:f9:a1:88:63,CSE OFFICE,14,-81.0,4.87,-82.0,9,2.83
39,15,60:63:4c:31:37:48,dlink,15,-82.07,0.93,-82.11,9,0.31
39,15,bc:22:28:21:09:24,CSE-205,1,-67.0,0.0,-67.0,1,0.0
39,15,36:20:f9:a1:88:56,CSE OFFICE,10,-73.3,2.1,-74.0,6,0.0
39,15,00:22:b0:05:f3:bc,CSE-204,5,-65.8,0.4,-66.0,3,0.0
39,15,bc:22:28:21:55:6e,CSE-104,14,-64.21,2.4,-64.56,9,1.26
39,15,36:20:f9:a1:88:62,CSE OFFICE,13,-68.31,5.54,-70.5,8,3.97
40,18,60:63:4c:31:37:40,CSE-303,7,-56.43,1.76,-56.75,4,0.83
40,18,30:b5:c2:ea:5b:44,DataLab@BUET,1,-70.0,0.0,-70.0,1,0.0
40,18,26:2f:d0:88:39:a2,IAC,3,-74.33,1.25,-74.33,3,1.25
40,18,bc:22:28:21:09:21,,18,-75.11,2.26,-75.82,11,1.64
40,18,00:22:b0:05:f3:bc,CSE-204,17,-61.53,2.15,-61.5,10,1.02
40,18,bc:22:28:21:55:6e,CSE-104,14,-72.86,3.42,-74.22,9,2.2
40,18,36:20:f9:a1:88:62,CSE OFFICE,14,-65.79,1.7,-66.0,9,0.0
40,18,36:62:f9:a1:88:63,CSE OFFICE,18,-86.89,1.59,-87.45,11,1.16
40,18,36:62:f9:a1:88:57,CSE OFFICE,18,-85.5,2.67,-86.45,11,1.16
40,18,36:20:f9:a1:88:56,CSE OFFICE,14,-60.21,2.4,-59.44,9,1.26
40,18,18:0f:76:c3:06:8d,CSE-304,18,-55.11,4.05,-54.0,11,0.0
40,18,34:e8:94:10:7d:fa,Hall of Fame,1,-76.0,0.0,-76.0,1,0.0
40,18,bc:22:28:21:09:24,CSE-205,1,-64.0,0.0,-64.0,1,0.0
41,18,60:63:4c:31:37:40,CSE-303,18,-60.22,2.15,-60.73,11,1.21
41,18,36:20:f9:a1:88:62,CSE OFFICE,4,-66.25,3.63,-66.25,4,3.63
41,18,36:62:f9:a1:88:63,CSE OFFICE,18,-82.5,2.81,-82.09,11,1.0
41,18,26:2f:d0:88:39:a2,IAC,13,-72.08,3.69,-72.75,8,2.82
41,18,36:62:f9:a1:88:57,CSE OFFICE,18,-85.17,2.06,-85.27,11,0.62
41,18,bc:22:28:21:09:21,,13,-81.31,4.29,-82.88,8,0.78
41,18,36:20:f9:a1:88:56,CSE OFFICE,17,-67.06,4.21,-67.4,10,2.62
41,18,00:22:b0:05:f3:bc,CSE-204,13,-66.85,2.68,-66.88,8,1.96
41,18,bc:22:28:21:55:6e,CSE-104,18,-67.39,2.31,-68.27,11,1.05
41,18,5e:a9:31:22:bb:0a,CSE-LAB,2,-67.5,0.5,-67.5,2,0.5
41,18,18:0f:76:c3:06:8d,CSE-304,16,-53.25,1.15,-53.33,9,0.47
41,18,60:63:4c:31:37:60,CSE-306,1,-86.0,0.0,-86.0,1,0.0
41,18,bc:22:28:21:09:24,CSE-205,5,-76.0,0.0,-76.0,3,0.0
41,18,34:e8:94:10:7d:fa,Hall of Fame,5,-76.0,0.0,-76.0,3,0.0
42,18,60:63:4c:31:37:48,dlink,18,-82.11,1.49,-82.27,11,1.14
42,18,00:22:b0:05:f3:bc,CSE-204,18,-56.67,5.09,-57.91,11,2.87
42,18,18:0f:76:c3:06:8d,CSE-304,18,-50.67,4.35,-49.73,11,1.48
42,18,10:62:eb:77:b7:42,CSE-G04,4,-71.0,0.0,-71.0,4,0.0
42,18,36:62:f9:a1:88:57,CSE OFFICE,14,-76.43,1.55,-76.33,9,1.25
42,18,36:20:f9:a1:88:56,CSE OFFICE,6,-53.5,0.5,-53.67,3,0.47
42,18,60:63:4c:31:37:40,CSE-303,3,-55.0,0.0,-55.0,3,0.0
42,18,bc:22:28:21:55:6e,CSE-104,2,-58.0,0.0,-58.0,2,0.0
43,18,36:62:f9:a1:88:57,CSE OFFICE,17,-78.71,3.01,-78.9,10,0.3
43,18,36:20:f9:a1:88:56,CSE OFFICE,17,-62.53,2.15,-62.9,10,0.3
43,18,00:22:b0:05:f3:bc,CSE-204,16,-71.81,12.23,-76.22,9,8.24
43,18,60:63:4c:31:37:40,CSE-303,18,-62.39,7.35,-60.18,11,2.44
43,18,34:e8:94:10:7d:fa,Hall of Fame,16,-72.19,4.64,-72.0,9,0.0
43,18,bc:22:28:21:55:6e,CSE-104,7,-77.57,3.29,-78.0,4,2.12
43,18,18:0f:76:c3:06:8d,CSE-304,14,-51.79,1.21,-52.11,9,0.31
43,18,36:20:f9:a1:8b:8e,CSE OFFICE,2,-76.5,2.5,-76.5,2,2.5
43,18,36:62:f9:a1:88:63,CSE OFFICE,5,-83.8,3.49,-85.0,3,0.0
43,18,36:20:f9:a1:88:62,CSE OFFICE,4,-69.25,1.79,-69.25,4,1.79
43,18,60:63:4c:31:37:60,CSE-306,5,-82.6,3.56,-83.33,3,2.49
43,18,26:2f:d0:88:39:a2,IAC,1,-74.0,0.0,-74.0,1,0.0
43,18,bc:22:28:21:09:21,,3,-83.33,2.36,-83.33,3,2.36
43,18,5e:a9:31:22:bb:0a,CSE-LAB,4,-71.75,3.27,-71.75,4,3.27
43,18,70:4c:a5:95:b6:00,BUET-Free-WiFi,2,-85.0,1.0,-85.0,2,1.0
43,18,30:b5:c2:ea:5b:44,DataLab@BUET,3,-78.67,4.71,-78.67,3,4.71
44,18,36:62:f9:a1:88:57,CSE OFFICE,18,-80.0,1.83,-80.45,11,0.99
44,18,00:22:b0:05:f3:bc,CSE-204,9,-55.89,5.36,-55.5,6,3.25
44,18,18:0f:76:c3:06:8d,CSE-304,12,-62.25,1.36,-63.0,7,0.0
44,18,36:20:f9:a1:88:62,CSE OFFICE,1,-75.0,0.0,-75.0,1,0.0
44,18,36:20:f9:a1:88:56,CSE OFFICE,8,-57.38,2.64,-58.0,5,0.0
44,18,34:e8:94:10:7d:fa,Hall of Fame,3,-70.67,4.5,-70.67,3,4.5
44,18,36:62:f9:a1:88:63,CSE OFFICE,10,-92.7,0.9,-93.0,6,0.0
44,18,5e:a9:31:22:bb:0a,CSE-LAB,1,-66.0,0.0,-66.0,1,0.0
44,18,60:63:4c:31:37:40,CSE-303,4,-64.75,3.9,-64.75,4,3.9
44,18,30:b5:c2:ea:5b:44,DataLab@BUET,2,-70.0,1.0,-70.0,2,1.0
45,20,30:b5:c2:ea:5b:44,DataLab@BUET,1,-71.0,0.0,-71.0,1,0.0
45,20,60:63:4c:31:37:40,CSE-303,1,-63.0,0.0,-63.0,1,0.0
45,20,18:0f:76:c3:06:8d,CSE-304,1,-53.0,0.0,-53.0,1,0.0
45,20,00:22:b0:05:f3:bc,CSE-204,19,-55.89,0.45,-56.0,12,0.0
45,20,36:62:f9:a1:88:57,CSE OFFICE,18,-88.0,0.0,-88.0,11,0.0
45,20,bc:22:28:21:09:21,,18,-88.0,0.0,-88.0,11,0.0
46,18,36:62:f9:a1:88:57,CSE OFFICE,18,-82.72,2.4,-82.91,11,1.0
46,18,bc:22:28:21:09:21,,12,-83.25,1.74,-83.71,7,1.28
46,18,36:20:f9:a1:88:56,CSE OFFICE,18,-56.5,1.71,-56.18,11,0.39
46,18,bc:22:28:21:55:6e,CSE-104,17,-69.94,4.14,-70.5,10,3.47
46,18,36:20:f9:a1:88:62,CSE OFFICE,12,-63.5,2.6,-63.43,7,2.06
46,18,60:63:4c:31:37:40,CSE-303,17,-57.29,3.29,-57.8,10,2.4
46,18,18:0f:76:c3:06:8d,CSE-304,18,-51.28,9.17,-49.91,11,1.68
46,18,26:2f:d0:88:39:a2,IAC,7,-71.71,3.15,-70.75,4,1.3
46,18,00:22:b0:05:f3:bc,CSE-204,17,-64.53,11.63,-63.2,10,9.91
46,18,5e:a9:31:22:bb:0a,CSE-LAB,1,-65.0,0.0,-65.0,1,0.0
46,18,34:e8:94:10:7d:fa,Hall of Fame,7,-69.43,1.05,-69.0,4,0.0
46,18,60:63:4c:31:37:60,CSE-306,9,-83.33,2.62,-84.17,6,0.37
46,18,36:62:f9:a1:88:63,CSE OFFICE,5,-87.0,1.26,-86.67,3,0.94
46,18,bc:22:28:21:09:24,CSE-205,2,-64.0,0.0,-64.0,2,0.0
46,18,30:b5:c2:ea:5b:44,DataLab@BUET,2,-73.0,0.0,-73.0,2,0.0
46,18,36:20:f9:a1:8b:8e,CSE OFFICE,2,-72.0,0.0,-72.0,2,0.0
47,18,00:22:b0:05:f3:bc,CSE-204,6,-60.0,6.93,-62.33,3,0.94
47,18,60:63:4c:31:37:40,CSE-303,1,-76.0,0.0,-76.0,1,0.0
47,18,36:20:f9:a1:88:56,CSE OFFICE,18,-52.72,3.63,-53.64,11,0.88
47,18,36:62:f9:a1:88:57,CSE OFFICE,17,-75.53,2.25,-75.8,10,0.4
47,18,bc:22:28:21:09:21,,5,-83.8,2.93,-83.67,3,1.89
47,18,34:e8:94:10:7d:fa,Hall of Fame,10,-75.6,1.2,-76.0,6,0.0
47,18,30:b5:c2:ea:5b:44,DataLab@BUET,2,-71.5,1.5,-71.5,2,1.5
47,18,18:0f:76:c3:06:8d,CSE-304,3,-61.67,2.05,-61.67,3,2.05
48,18,36:62:f9:a1:88:63,CSE OFFICE,17,-86.76,0.88,-87.0,10,0.0
48,18,36:62:f9:a1:88:57,CSE OFFICE,18,-83.11,1.29,-83.0,11,0.43
48,18,36:20:f9:a1:88:56,CSE OFFICE,13,-63.38,3.93,-65.0,8,0.0
48,18,00:22:b0:05:f3:bc,CSE-204,7,-61.57,4.17,-64.0,4,0.0
48,18,bc:22:28:21:55:6e,CSE-104,3,-66.33,0.94,-66.33,3,0.94
48,18,18:0f:76:c3:06:8d,CSE-304,17,-52.53,0.98,-53.0,10,0.0
48,18,26:2f:d0:88:39:a2,IAC,1,-68.0,0.0,-68.0,1,0.0
48,18,60:63:4c:31:37:40,CSE-303,14,-59.64,1.95,-60.33,9,1.25
48,18,bc:22:28:21:09:21,,13,-79.23,0.42,-79.12,8,0.33
48,18,34:e8:94:10:7d:fa,Hall of Fame,10,-74.6,1.2,-75.0,6,0.0
49,18,36:62:f9:a1:88:57,CSE OFFICE,18,-69.28,1.45,-69.09,11,1.08
49,18,bc:22:28:21:09:21,,18,-86.44,3.86,-87.45,11,2.97
49,18,36:20:f9:a1:88:56,CSE OFFICE,18,-49.56,3.37,-48.64,11,1.67
49,18,bc:22:28:21:55:6e,CSE-104,5,-75.8,2.64,-74.67,3,0.47
49,18,60:63:4c:31:37:40,CSE-303,18,-73.89,2.13,-73.73,11,1.81
49,18,18:0f:76:c3:06:8d,CSE-304,10,-55.3,2.15,-55.0,6,1.15
49,18,36:62:f9:a1:88:63,CSE OFFICE,10,-92.0,2.32,-91.33,6,1.25
49,18,60:63:4c:31:37:48,dlink,18,-92.22,2.55,-92.09,11,1.44
49,18,00:22:b0:05:f3:bc,CSE-204,9,-63.22,6.03,-62.5,6,2.93
49,18,5e:a9:31:22:bb:0a,CSE-LAB,12,-61.5,3.28,-61.57,7,1.4
49,18,36:20:f9:a1:88:62,CSE OFFICE,6,-74.83,0.37,-75.0,3,0.0
49,18,34:e8:94:10:7d:fa,Hall of Fame,5,-67.0,1.1,-66.67,3,0.47
49,18,26:2f:d0:88:39:a2,IAC,3,-75.33,2.05,-75.33,3,2.05
49,18,30:b5:c2:ea:5b:44,DataLab@BUET,3,-80.67,4.92,-80.67,3,4.92
50,18,60:63:4c:31:37:40,CSE-303,7,-58.0,4.47,-57.0,4,2.12
50,18,36:62:f9:a1:88:57,CSE OFFICE,9,-86.44,2.36,-87.17,6,1.67
50,18,bc:22:28:21:09:21,,2,-80.0,0.0,-80.0,2,0.0
50,18,36:20:f9:a1:88:56,CSE OFFICE,4,-62.25,6.53,-62.25,4,6.53
50,18,00:22:b0:05:f3:bc,CSE-204,3,-67.0,0.0,-67.0,3,0.0
50,18,bc:22:28:21:55:6e,CSE-104,1,-68.0,0.0,-68.0,1,0.0
50,18,18:0f:76:c3:06:8d,CSE-304,14,-56.86,1.81,-56.33,9,0.47
51,18,36:62:f9:a1:88:57,CSE OFFICE,16,-80.75,4.38,-80.33,9,2.67
51,18,36:20:f9:a1:88:56,CSE OFFICE,18,-63.28,2.28,-63.55,11,1.08
51,18,60:63:4c:31:37:40,CSE-303,15,-66.93,5.47,-66.56,9,3.06
51,18,36:20:f9:a1:8b:8e,CSE OFFICE,3,-79.0,0.0,-79.0,3,0.0
51,18,36:20:f9:a1:88:62,CSE OFFICE,9,-73.33,3.62,-74.0,6,2.83
51,18,36:62:f9:a1:88:63,CSE OFFICE,9,-96.22,1.99,-96.67,6,1.89
51,18,bc:22:28:21:09:21,,6,-80.33,2.69,-81.33,3,2.36
51,18,bc:22:28:21:55:6e,CSE-104,7,-73.29,3.01,-73.25,4,2.77
51,18,30:b5:c2:ea:5b:44,DataLab@BUET,1,-65.0,0.0,-65.0,1,0.0
51,18,26:2f:d0:88:39:a2,IAC,1,-73.0,0.0,-73.0,1,0.0
52,18,60:63:4c:31:37:40,CSE-303,7,-54.14,0.83,-54.0,4,0.0
52,18,60:63:4c:31:37:48,dlink,16,-86.25,1.52,-86.44,9,1.17
52,18,bc:22:28:21:09:21,,6,-70.33,2.92,-72.0,3,0.0
52,18,36:20:f9:a1:88:62,CSE OFFICE,4,-63.0,0.0,-63.0,4,0.0
52,18,36:62:f9:a1:88:63,CSE OFFICE,14,-85.43,1.68,-85.33,9,1.49
52,18,36:62:f9:a1:88:57,CSE OFFICE,15,-83.13,1.31,-83.56,9,0.96
52,18,36:20:f9:a1:88:56,CSE OFFICE,9,-64.22,1.99,-64.67,6,1.89
52,18,18:0f:76:c3:06:8d,CSE-304,10,-43.8,3.31,-44.0,6,3.16
52,18,00:22:b0:05:f3:bc,CSE-204,8,-53.75,4.94,-53.6,5,4.45
52,18,5e:a9:31:22:bb:0a,CSE-LAB,5,-66.6,0.8,-67.0,3,0.0
53,5,36:62:f9:a1:88:57,CSE OFFICE,5,-83.0,0.0,-83.0,3,0.0
53,5,36:20:f9:a1:88:56,CSE OFFICE,5,-63.0,0.0,-63.0,3,0.0
53,5,00:22:b0:05:f3:bc,CSE-204,4,-60.0,0.0,-60.0,4,0.0
54,18,36:20:f9:a1:88:62,CSE OFFICE,18,-68.0,0.0,-68.0,11,0.0
54,18,60:63:4c:31:37:40,CSE-303,18,-62.0,0.0,-62.0,11,0.0
54,18,36:62:f9:a1:88:63,CSE OFFICE,18,-84.0,0.0,-84.0,11,0.0
54,18,26:2f:d0:88:39:a2,IAC,18,-73.0,0.0,-73.0,11,0.0
54,18,bc:22:28:21:09:24,CSE-205,18,-76.0,0.0,-76.0,11,0.0
54,18,36:62:f9:a1:88:57,CSE OFFICE,18,-85.0,0.0,-85.0,11,0.0
54,18,36:20:f9:a1:88:56,CSE OFFICE,18,-68.0,0.0,-68.0,11,0.0
54,18,bc:22:28:21:55:6e,CSE-104,18,-70.0,0.0,-70.0,11,0.0
54,18,36:20:f9:a1:8b:8e,CSE OFFICE,18,-75.0,0.0,-75.0,11,0.0
55,18,26:2f:d0:88:39:a2,IAC,2,-70.0,3.0,-70.0,2,3.0
55,18,36:62:f9:a1:88:57,CSE OFFICE,18,-74.06,4.13,-73.64,11,3.5
55,18,bc:22:28:21:09:21,,18,-84.56,1.38,-84.91,11,0.29
55,18,36:20:f9:a1:88:56,CSE OFFICE,18,-53.11,4.53,-52.55,11,1.16
55,18,00:22:b0:05:f3:bc,CSE-204,18,-51.56,6.16,-51.45,11,4.85
55,18,36:20:f9:a1:88:62,CSE OFFICE,1,-72.0,0.0,-72.0,1,0.0
55,18,5e:a9:31:22:bb:0a,CSE-LAB,4,-63.75,0.83,-63.75,4,0.83
55,18,60:63:4c:31:37:40,CSE-303,3,-65.0,3.74,-65.0,3,3.74
55,18,18:0f:76:c3:06:8d,CSE-304,7,-57.0,0.0,-57.0,4,0.0
55,18,34:e8:94:10:7d:fa,Hall of Fame,1,-74.0,0.0,-74.0,1,0.0
55,18,bc:22:28:21:55:6e,CSE-104,1,-80.0,0.0,-80.0,1,0.0
56,18,bc:22:28:21:09:24,CSE-205,1,-59.0,0.0,-59.0,1,0.0
56,18,36:62:f9:a1:88:57,CSE OFFICE,18,-80.61,0.68,-80.91,11,0.29
56,18,bc:22:28:21:09:21,,18,-81.5,3.83,-82.91,11,2.11
56,18,00:22:b0:05:f3:bc,CSE-204,4,-55.75,1.64,-55.75,4,1.64
56,18,36:20:f9:a1:88:62,CSE OFFICE,11,-53.45,1.44,-53.0,6,0.0
56,18,60:63:4c:31:37:40,CSE-303,6,-54.0,6.43,-56.67,3,3.68
56,18,18:0f:76:c3:06:8d,CSE-304,18,-45.22,1.08,-45.18,11,0.39
56,18,36:62:f9:a1:88:63,CSE OFFICE,18,-84.17,1.3,-84.55,11,0.78
56,18,36:20:f9:a1:88:56,CSE OFFICE,12,-56.08,0.64,-56.0,7,0.0
56,18,bc:22:28:21:55:6e,CSE-104,3,-64.67,2.36,-64.67,3,2.36
56,18,34:e8:94:10:7d:fa,Hall of Fame,1,-67.0,0.0,-67.0,1,0.0
57,18,36:62:f9:a1:88:57,CSE OFFICE,17,-82.71,1.52,-82.0,10,0.0
57,18,bc:22:28:21:09:21,,6,-76.0,5.86,-76.33,3,3.86
57,18,00:22:b0:05:f3:bc,CSE-204,15,-57.87,2.06,-57.11,9,0.31
57,18,bc:22:28:21:55:6e,CSE-104,2,-66.5,1.5,-66.5,2,1.5
57,18,36:20:f9:a1:88:62,CSE OFFICE,1,-72.0,0.0,-72.0,1,0.0
57,18,60:63:4c:31:37:40,CSE-303,4,-64.5,4.39,-64.5,4,4.39
57,18,18:0f:76:c3:06:8d,CSE-304,13,-49.54,0.75,-49.88,8,0.33
57,18,36:20:f9:a1:88:56,CSE OFFICE,14,-56.93,1.98,-56.44,9,1.26
57,18,34:e8:94:10:7d:fa,Hall of Fame,15,-69.07,4.85,-70.89,9,2.13
57,18,26:2f:d0:88:39:a2,IAC,2,-63.0,0.0,-63.0,2,0.0
57,18,30:b5:c2:ea:5b:44,DataLab@BUET,2,-65.0,0.0,-65.0,2,0.0
57,18,36:62:f9:a1:88:63,CSE OFFICE,2,-82.0,0.0,-82.0,2,0.0
58,18,18:0f:76:c3:06:8d,CSE-304,9,-54.89,5.09,-56.17,6,3.89
58,18,60:63:4c:31:37:40,CSE-303,18,-59.94,3.24,-59.64,11,1.49
58,18,00:22:b0:05:f3:bc,CSE-204,18,-65.11,3.81,-66.45,11,2.31
58,18,26:2f:d0:88:39:a2,IAC,8,-71.38,3.04,-71.6,5,0.49
58,18,36:20:f9:a1:88:62,CSE OFFICE,15,-64.2,1.17,-64.11,9,0.31
58,18,36:20:f9:a1:88:56,CSE OFFICE,16,-64.56,1.46,-65.0,9,0.0
58,18,5e:a9:31:22:bb:0a,CSE-LAB,8,-67.75,1.3,-67.6,5,1.2
58,18,bc:22:28:21:55:6e,CSE-104,13,-73.69,0.46,-73.88,8,0.33
58,18,60:63:4c:31:37:60,CSE-306,5,-82.6,2.94,-83.0,3,2.83
58,18,30:b5:c2:ea:5b:44,DataLab@BUET,4,-68.0,0.0,-68.0,4,0.0
59,18,36:62:f9:a1:88:57,CSE OFFICE,18,-72.94,1.87,-73.64,11,0.77
59,18,bc:22:28:21:09:21,,2,-79.0,1.0,-79.0,2,1.0
59,18,00:22:b0:05:f3:bc,CSE-204,17,-51.82,1.46,-51.3,10,0.46
59,18,bc:22:28:21:55:6e,CSE-104,3,-74.67,1.25,-74.67,3,1.25
59,18,60:63:4c:31:37:40,CSE-303,11,-56.27,0.86,-56.0,6,0.0
59,18,5e:a9:31:22:bb:0a,CSE-LAB,3,-62.67,1.89,-62.67,3,1.89
59,18,36:62:f9:a1:88:63,CSE OFFICE,12,-92.08,0.28,-92.0,7,0.0
59,18,34:e8:94:10:7d:fa,Hall of Fame,12,-64.08,1.44,-64.0,7,0.0
59,18,60:63:4c:31:37:48,dlink,18,-82.17,2.54,-81.64,11,1.15
59,18,36:20:f9:a1:88:56,CSE OFFICE,14,-51.5,1.05,-51.11,9,0.31
59,18,36:20:f9:a1:88:62,CSE OFFICE,1,-73.0,0.0,-73.0,1,0.0
59,18,18:0f:76:c3:06:8d,CSE-304,3,-57.67,0.94,-57.67,3,0.94
61,11,36:62:f9:a1:88:57,CSE OFFICE,11,-87.82,0.39,-88.0,6,0.0
61,11,bc:22:28:21:09:21,,2,-64.0,2.0,-64.0,2,2.0
61,11,10:62:eb:77:b7:42,CSE-G04,1,-76.0,0.0,-76.0,1,0.0
61,11,36:62:f9:a1:88:63,CSE OFFICE,10,-87.0,0.45,-87.0,6,0.0
61,11,5e:a9:31:22:bb:0a,CSE-LAB,1,-64.0,0.0,-64.0,1,0.0
62,18,bc:22:28:21:09:21,,8,-69.25,3.46,-70.8,5,1.6
62,18,36:20:f9:a1:88:56,CSE OFFICE,8,-66.38,2.87,-66.4,5,2.58
62,18,30:b5:c2:ea:5b:44,DataLab@BUET,3,-68.0,4.08,-68.0,3,4.08
62,18,36:62:f9:a1:88:57,CSE OFFICE,5,-92.4,0.8,-92.0,3,0.0
62,18,36:62:f9:a1:88:63,CSE OFFICE,6,-92.17,0.9,-92.0,3,0.0
62,18,60:63:4c:31:37:40,CSE-303,15,-65.4,3.63,-64.78,9,2.86
63,18,bc:22:28:21:09:24,CSE-205,7,-57.29,2.55,-57.25,4,1.64
63,18,bc:22:28:21:09:21,,16,-60.06,2.7,-60.11,9,0.31
63,18,36:20:f9:a1:88:62,CSE OFFICE,4,-67.75,3.9,-67.75,4,3.9
63,18,60:63:4c:31:37:40,CSE-303,10,-70.4,1.8,-71.0,6,0.0
63,18,36:62:f9:a1:88:63,CSE OFFICE,15,-88.53,0.96,-88.33,9,0.67
63,18,36:62:f9:a1:88:57,CSE OFFICE,10,-89.6,1.2,-90.0,6,0.0
63,18,30:b5:c2:ea:5b:44,DataLab@BUET,9,-69.0,0.0,-69.0,6,0.0
63,18,00:22:b0:05:f3:bc,CSE-204,10,-58.8,2.4,-58.0,6,0.0
63,18,10:62:eb:77:b7:42,CSE-G04,9,-76.0,0.0,-76.0,6,0.0
63,18,18:0f:76:c3:06:8d,CSE-304,1,-69.0,0.0,-69.0,1,0.0
64,18,60:63:4c:31:37:40,CSE-303,14,-55.5,2.75,-55.22,9,2.3
64,18,36:20:f9:a1:88:62,CSE OFFICE,12,-65.58,0.95,-65.86,7,0.35
64,18,bc:22:28:21:09:24,CSE-205,3,-57.0,1.41,-57.0,3,1.41
64,18,bc:22:28:21:09:21,,5,-61.4,4.03,-61.33,3,3.68
64,18,36:62:f9:a1:88:63,CSE OFFICE,17,-90.35,2.08,-90.6,10,1.43
64,18,18:0f:76:c3:06:8d,CSE-304,9,-69.0,1.41,-69.0,6,0.0
64,18,00:22:b0:05:f3:bc,CSE-204,1,-69.0,0.0,-69.0,1,0.0
65,18,36:62:f9:a1:88:63,CSE OFFICE,2,-85.5,0.5,-85.5,2,0.5
65,18,60:63:4c:31:37:40,CSE-303,5,-55.0,0.63,-55.0,3,0.0
65,18,30:b5:c2:ea:5b:44,DataLab@BUET,1,-64.0,0.0,-64.0,1,0.0
65,18,bc:22:28:21:55:6e,CSE-104,1,-76.0,0.0,-76.0,1,0.0
66,18,bc:22:28:21:09:24,CSE-205,12,-49.17,4.22,-47.71,7,1.75
66,18,36:20:f9:a1:88:56,CSE OFFICE,2,-67.0,1.0,-67.0,2,1.0
66,18,36:20:f9:a1:88:62,CSE OFFICE,7,-63.0,1.6,-63.0,4,1.0
66,18,60:63:4c:31:37:40,CSE-303,11,-60.82,0.57,-61.0,6,0.0
66,18,36:62:f9:a1:88:63,CSE OFFICE,18,-87.94,2.82,-87.82,11,1.75
66,18,bc:22:28:21:09:21,,13,-52.92,1.38,-52.75,8,1.3
66,18,00:22:b0:05:f3:bc,CSE-204,9,-78.0,0.0,-78.0,6,0.0
66,18,18:0f:76:c3:06:8d,CSE-304,9,-65.0,0.0,-65.0,6,0.0
66,18,30:b5:c2:ea:5b:44,DataLab@BUET,1,-71.0,0.0,-71.0,1,0.0
67,18,36:62:f9:a1:88:63,CSE OFFICE,18,-91.39,1.92,-91.91,11,1.56
67,18,36:20:f9:a1:88:62,CSE OFFICE,6,-62.5,6.42,-61.0,3,2.45
67,18,bc:22:28:21:09:21,,5,-63.0,2.53,-63.0,3,0.0
67,18,30:b5:c2:ea:5b:44,DataLab@BUET,1,-69.0,0.0,-69.0,1,0.0
67,18,bc:22:28:21:55:6e,CSE-104,1,-84.0,0.0,-84.0,1,0.0
68,18,bc:22:28:21:09:24,CSE-205,3,-58.33,1.89,-58.33,3,1.89
68,18,bc:22:28:21:09:21,,15,-61.4,1.08,-61.22,9,0.63
68,18,30:b5:c2:ea:5b:44,DataLab@BUET,5,-63.6,0.8,-64.0,3,0.0
68,18,36:62:f9:a1:88:63,CSE OFFICE,14,-89.57,1.55,-90.0,9,0.0
68,18,60:63:4c:31:37:40,CSE-303,1,-62.0,0.0,-62.0,1,0.0
68,18,36:20:f9:a1:88:56,CSE OFFICE,1,-72.0,0.0,-72.0,1,0.0
68,18,36:20:f9:a1:88:62,CSE OFFICE,1,-58.0,0.0,-58.0,1,0.0
69,18,bc:22:28:21:09:24,CSE-205,18,-56.56,3.04,-57.45,11,2.19
69,18,36:20:f9:a1:88:62,CSE OFFICE,14,-58.0,2.1,-58.89,9,0.31
69,18,60:63:4c:31:37:40,CSE-303,6,-50.83,2.03,-51.0,3,1.41
69,18,36:62:f9:a1:88:63,CSE OFFICE,12,-86.0,0.0,-86.0,7,0.0
69,18,bc:22:28:21:09:21,,17,-60.06,1.26,-60.6,10,0.66
69,18,18:0f:76:c3:06:8d,CSE-304,3,-59.0,0.82,-59.0,3,0.82
69,18,00:22:b0:05:f3:bc,CSE-204,12,-71.17,2.76,-72.0,7,0.0
69,18,10:62:eb:77:b7:42,CSE-G04,1,-70.0,0.0,-70.0,1,0.0
70,18,36:20:f9:a1:88:62,CSE OFFICE,2,-54.5,0.5,-54.5,2,0.5
70,18,36:62:f9:a1:88:63,CSE OFFICE,15,-78.33,1.14,-78.0,9,0.0
70,18,60:63:4c:31:37:40,CSE-303,3,-55.67,0.47,-55.67,3,0.47
71,18,bc:22:28:21:09:24,CSE-205,6,-53.17,3.53,-52.0,3,0.0
71,18,36:20:f9:a1:88:62,CSE OFFICE,1,-64.0,0.0,-64.0,1,0.0
71,18,60:63:4c:31:37:40,CSE-303,12,-66.0,3.19,-66.0,7,0.0
71,18,36:62:f9:a1:88:63,CSE OFFICE,11,-87.91,0.29,-88.0,6,0.0
71,18,bc:22:28:21:09:21,,13,-60.77,4.26,-60.0,8,3.46
71,18,18:0f:76:c3:06:8d,CSE-304,1,-69.0,0.0,-69.0,1,0.0
72,18,bc:22:28:21:09:24,CSE-205,11,-56.27,1.6,-56.0,6,0.0
72,18,bc:22:28:21:09:21,,1,-67.0,0.0,-67.0,1,0.0
72,18,36:62:f9:a1:88:63,CSE OFFICE,6,-84.0,2.83,-84.0,3,2.83
72,18,60:63:4c:31:37:48,dlink,18,-85.78,3.17,-85.55,11,2.81
72,18,30:b5:c2:ea:5b:44,DataLab@BUET,2,-68.0,1.0,-68.0,2,1.0
72,18,60:63:4c:31:37:40,CSE-303,1,-62.0,0.0,-62.0,1,0.0
72,18,18:0f:76:c3:06:8d,CSE-304,1,-69.0,0.0,-69.0,1,0.0
72,18,00:22:b0:05:f3:bc,CSE-204,1,-67.0,0.0,-67.0,1,0.0
72,18,36:62:f9:a1:88:57,CSE OFFICE,3,-91.0,0.0,-91.0,3,0.0
73,18,60:63:4c:31:37:40,CSE-303,18,-75.17,3.99,-76.91,11,1.68
73,18,36:62:f9:a1:88:63,CSE OFFICE,8,-88.0,3.28,-87.8,5,1.83
73,18,bc:22:28:21:09:24,CSE-205,5,-65.0,2.45,-65.33,3,1.25
73,18,10:62:eb:77:b7:42,CSE-G04,11,-70.82,0.57,-71.0,6,0.0
73,18,36:20:f9:a1:88:62,CSE OFFICE,5,-69.8,3.92,-68.33,3,1.89
73,18,bc:22:28:21:09:21,,16,-68.06,1.56,-68.0,9,0.0
73,18,60:63:4c:31:37:60,CSE-306,3,-87.33,5.19,-87.33,3,5.19
73,18,18:0f:76:c3:06:8d,CSE-304,9,-78.0,0.0,-78.0,6,0.0
74,18,36:62:f9:a1:88:63,CSE OFFICE,9,-89.33,1.56,-89.5,6,1.12
74,18,36:20:f9:a1:88:62,CSE OFFICE,1,-63.0,0.0,-63.0,1,0.0
74,18,00:22:b0:05:f3:bc,CSE-204,4,-67.75,0.43,-67.75,4,0.43
74,18,18:0f:76:c3:06:8d,CSE-304,1,-71.0,0.0,-71.0,1,0.0
74,18,60:63:4c:31:37:40,CSE-303,9,-58.0,0.0,-58.0,6,0.0
74,18,36:62:f9:a1:88:57,CSE OFFICE,14,-94.43,0.9,-94.78,9,0.42
74,18,30:b5:c2:ea:5b:44,DataLab@BUET,3,-61.67,1.89,-61.67,3,1.89
75,18,36:20:f9:a1:88:62,CSE OFFICE,8,-62.25,2.99,-63.4,5,0.49
75,18,60:63:4c:31:37:40,CSE-303,8,-60.5,3.28,-61.6,5,0.49
75,18,bc:22:28:21:09:21,,14,-68.0,3.89,-68.11,9,1.97
75,18,00:22:b0:05:f3:bc,CSE-204,2,-69.5,0.5,-69.5,2,0.5
75,18,36:62:f9:a1:88:63,CSE OFFICE,7,-84.29,1.91,-84.75,4,1.09
75,18,bc:22:28:21:09:24,CSE-205,7,-57.43,3.25,-58.25,4,1.3
75,18,30:b5:c2:ea:5b:44,DataLab@BUET,2,-70.5,1.5,-70.5,2,1.5
75,18,18:0f:76:c3:06:8d,CSE-304,1,-75.0,0.0,-75.0,1,0.0
76,18,bc:22:28:21:09:24,CSE-205,8,-59.75,2.33,-60.0,5,2.1
76,18,bc:22:28:21:09:21,,15,-57.0,0.37,-57.0,9,0.0
76,18,36:20:f9:a1:88:56,CSE OFFICE,1,-77.0,0.0,-77.0,1,0.0
76,18,60:63:4c:31:37:40,CSE-303,14,-61.64,1.17,-61.33,9,0.67
76,18,36:62:f9:a1:88:63,CSE OFFICE,15,-88.53,1.31,-89.0,9,0.0
76,18,60:63:4c:31:37:48,dlink,15,-83.73,1.0,-84.0,9,0.0
76,18,36:20:f9:a1:88:62,CSE OFFICE,2,-69.5,1.5,-69.5,2,1.5
76,18,5e:a9:31:22:bb:0a,CSE-LAB,11,-73.0,0.0,-73.0,6,0.0
76,18,18:0f:76:c3:06:8d,CSE-304,3,-70.0,2.16,-70.0,3,2.16
76,18,10:62:eb:77:b7:42,CSE-G04,1,-58.0,0.0,-58.0,1,0.0
76,18,bc:22:28:21:55:6e,CSE-104,10,-81.0,0.0,-81.0,6,0.0
76,18,30:b5:c2:ea:5b:44,DataLab@BUET,5,-65.4,0.8,-65.0,3,0.0
77,18,60:63:4c:31:37:40,CSE-303,12,-64.67,1.55,-64.0,7,0.0
77,18,bc:22:28:21:09:21,,16,-77.38,6.79,-80.11,9,1.66
77,18,00:22:b0:05:f3:bc,CSE-204,1,-65.0,0.0,-65.0,1,0.0
77,18,36:62:f9:a1:88:63,CSE OFFICE,1,-87.0,0.0,-87.0,1,0.0
77,18,36:62:f9:a1:88:57,CSE OFFICE,1,-90.0,0.0,-90.0,1,0.0
77,18,26:2f:d0:88:39:a2,IAC,10,-88.0,0.0,-88.0,6,0.0
77,18,bc:22:28:21:55:6e,CSE-104,1,-93.0,0.0,-93.0,1,0.0
77,18,30:b5:c2:ea:5b:44,DataLab@BUET,5,-67.2,2.4,-68.0,3,1.41
78,18,00:22:b0:05:f3:bc,CSE-204,17,-70.12,4.92,-72.4,10,1.8
78,18,18:0f:76:c3:06:8d,CSE-304,12,-68.58,3.59,-67.0,7,0.0
78,18,10:62:eb:77:b7:42,CSE-G04,11,-80.36,1.15,-80.0,6,0.0
78,18,bc:22:28:21:09:21,,10,-64.0,0.0,-64.0,6,0.0
78,18,36:62:f9:a1:88:63,CSE OFFICE,10,-90.0,0.0,-90.0,6,0.0
78,18,36:62:f9:a1:88:57,CSE OFFICE,1,-88.0,0.0,-88.0,1,0.0
78,18,36:20:f9:a1:88:56,CSE OFFICE,5,-61.4,1.74,-61.0,3,1.41
78,18,30:b5:c2:ea:5b:44,DataLab@BUET,1,-71.0,0.0,-71.0,1,0.0
78,18,60:63:4c:31:37:40,CSE-303,5,-73.6,3.88,-75.33,3,0.94
78,18,5e:a9:31:22:bb:0a,CSE-LAB,1,-75.0,0.0,-75.0,1,0.0
79,18,36:62:f9:a1:88:57,CSE OFFICE,17,-74.29,2.42,-74.0,10,0.0
79,18,36:20:f9:a1:88:56,CSE OFFICE,18,-50.33,3.92,-49.09,11,2.35
79,18,00:22:b0:05:f3:bc,CSE-204,18,-53.94,2.53,-54.73,11,0.62
79,18,bc:22:28:21:09:21,,5,-82.0,3.79,-83.0,3,2.83
79,18,60:63:4c:31:37:40,CSE-303,16,-70.94,1.68,-71.0,9,0.0
79,18,5e:a9:31:22:bb:0a,CSE-LAB,1,-62.0,0.0,-62.0,1,0.0
79,18,36:62:f9:a1:88:63,CSE OFFICE,2,-95.5,1.5,-95.5,2,1.5
79,18,30:b5:c2:ea:5b:44,DataLab@BUET,2,-74.0,8.0,-74.0,2,8.0
79,18,18:0f:76:c3:06:8d,CSE-304,2,-63.5,2.5,-63.5,2,2.5
79,18,34:e8:94:10:7d:fa,Hall of Fame,6,-68.83,4.37,-70.0,3,1.41
79,18,bc:22:28:21:55:6e,CSE-104,3,-70.0,0.0,-70.0,3,0.0
80,18,36:20:f9:a1:88:56,CSE OFFICE,11,-68.55,3.0,-68.17,6,1.77
80,18,30:b5:c2:ea:5b:44,DataLab@BUET,17,-55.59,2.87,-56.4,10,1.2
80,18,00:22:b0:05:f3:bc,CSE-204,17,-63.88,3.97,-63.8,10,0.98
80,18,18:0f:76:c3:06:8d,CSE-304,5,-73.2,2.71,-74.0,3,0.0
80,18,34:e8:94:10:7d:fa,Hall of Fame,10,-71.9,2.77,-72.5,6,0.76
80,18,36:62:f9:a1:88:57,CSE OFFICE,5,-84.0,0.0,-84.0,3,0.0
80,18,60:63:4c:31:37:40,CSE-303,8,-71.5,1.94,-72.2,5,1.6
80,18,26:2f:d0:88:39:a2,IAC,2,-86.0,3.0,-86.0,2,3.0
80,18,36:20:f9:a1:88:62,CSE OFFICE,1,-70.0,0.0,-70.0,1,0.0
81,5,bc:22:28:21:09:24,CSE-205,4,-61.0,1.73,-61.0,4,1.73
81,5,30:b5:c2:ea:5b:44,DataLab@BUET,4,-52.0,0.0,-52.0,4,0.0
81,5,00:22:b0:05:f3:bc,CSE-204,5,-64.4,1.74,-64.0,3,1.41
81,5,34:e8:94:10:7d:fa,Hall of Fame,3,-70.0,0.0,-70.0,3,0.0
81,5,60:63:4c:31:37:40,CSE-303,2,-66.5,5.5,-66.5,2,5.5
81,5,18:0f:76:c3:06:8d,CSE-304,1,-74.0,0.0,-74.0,1,0.0
82,20,36:20:f9:a1:88:62,CSE OFFICE,17,-60.29,3.27,-60.4,10,1.8
82,20,30:b5:c2:ea:5b:44,DataLab@BUET,15,-79.4,4.13,-80.0,9,1.25
82,20,bc:22:28:21:09:ba,CSE-206,15,-77.27,2.08,-77.44,9,0.5
82,20,18:0f:76:c3:06:8d,CSE-304,11,-73.27,2.18,-73.0,6,1.41
82,20,bc:22:28:21:55:6e,CSE-104,12,-81.0,2.71,-81.71,7,0.7
82,20,00:22:b0:05:f3:bc,CSE-204,20,-79.55,4.81,-79.25,12,3.11
82,20,60:63:4c:31:37:60,CSE-306,10,-82.2,3.43,-82.33,6,2.29
82,20,60:63:4c:31:37:40,CSE-303,12,-77.17,2.64,-77.57,7,1.5
82,20,5e:a9:31:22:bb:0a,CSE-LAB,11,-84.27,1.81,-84.83,6,0.37
82,20,36:20:f9:a1:8b:8e,CSE OFFICE,9,-73.33,2.54,-73.5,6,1.61
82,20,26:2f:d0:88:39:a2,IAC,3,-86.33,0.47,-86.33,3,0.47
82,20,34:e8:94:10:7d:fa,Hall of Fame,1,-87.0,0.0,-87.0,1,0.0
82,20,36:20:f9:a1:88:56,CSE OFFICE,1,-83.0,0.0,-83.0,1,0.0
83,20,36:20:f9:a1:88:62,CSE OFFICE,17,-55.53,7.68,-53.5,10,0.5
83,20,bc:22:28:21:09:ba,CSE-206,14,-72.57,2.23,-72.78,9,1.47
83,20,18:0f:76:c3:06:8d,CSE-304,9,-69.89,2.23,-69.83,6,1.07
83,20,00:22:b0:05:f3:bc,CSE-204,20,-73.5,3.51,-73.58,12,2.36
83,20,60:63:4c:31:37:60,CSE-306,7,-81.43,1.5,-82.0,4,0.0
83,20,26:2f:d0:88:39:a2,IAC,3,-86.33,0.47,-86.33,3,0.47
83,20,36:20:f9:a1:8b:8e,CSE OFFICE,10,-72.1,1.14,-72.33,6,0.47
83,20,30:b5:c2:ea:5b:44,DataLab@BUET,9,-73.22,2.94,-73.17,6,1.21
83,20,bc:22:28:21:55:6e,CSE-104,14,-78.79,1.42,-79.11,9,0.74
83,20,5e:a9:31:22:bb:0a,CSE-LAB,6,-82.5,2.06,-83.33,3,0.94
83,20,34:e8:94:10:7d:fa,Hall of Fame,2,-88.5,0.5,-88.5,2,0.5
83,20,60:63:4c:31:37:40,CSE-303,9,-69.89,0.99,-70.17,6,0.69
83,20,36:20:f9:a1:88:56,CSE OFFICE,3,-82.0,0.82,-82.0,3,0.82
83,20,10:62:eb:77:b7:42,CSE-G04,1,-79.0,0.0,-79.0,1,0.0
84,20,36:20:f9:a1:88:62,CSE OFFICE,18,-59.56,2.5,-59.82,11,1.64
84,20,36:20:f9:a1:8b:8e,CSE OFFICE,16,-69.25,2.56,-69.67,9,0.67
84,20,00:22:b0:05:f3:bc,CSE-204,20,-69.4,4.82,-68.42,12,2.06
84,20,60:63:4c:31:37:60,CSE-306,16,-80.88,2.12,-81.0,9,0.94
84,20,bc:22:28:21:55:6e,CSE-104,6,-81.67,1.89,-82.33,3,0.47
84,20,60:63:4c:31:37:40,CSE-303,11,-65.36,2.31,-65.83,6,1.07
84,20,18:0f:76:c3:06:8d,CSE-304,15,-68.4,2.06,-68.33,9,1.25
84,20,bc:22:28:21:09:ba,CSE-206,16,-70.75,2.8,-70.67,9,1.33
84,20,30:b5:c2:ea:5b:44,DataLab@BUET,8,-77.75,4.24,-78.8,5,3.31
84,20,36:20:f9:a1:88:56,CSE OFFICE,3,-82.67,0.94,-82.67,3,0.94
84,20,5e:a9:31:22:bb:0a,CSE-LAB,5,-76.4,2.58,-76.0,3,2.16
84,20,26:2f:d0:88:39:a2,IAC,2,-85.0,0.0,-85.0,2,0.0
85,13,5e:a9:31:22:bb:0a,CSE-LAB,1,-64.0,0.0,-64.0,1,0.0
85,13,bc:22:28:21:09:21,,6,-78.0,2.24,-79.0,3,1.41
85,13,36:62:f9:a1:88:63,CSE OFFICE,9,-75.44,1.83,-76.0,6,1.41
85,13,00:22:b0:05:f3:bc,CSE-204,5,-65.6,7.61,-66.0,3,0.0
85,13,60:63:4c:31:37:40,CSE-303,2,-68.5,0.5,-68.5,2,0.5
85,13,bc:22:28:21:55:6e,CSE-104,4,-75.25,1.3,-75.25,4,1.3
85,13,36:20:f9:a1:88:62,CSE OFFICE,7,-55.14,2.29,-56.0,4,1.0
85,13,18:0f:76:c3:06:8d,CSE-304,6,-61.0,1.0,-61.33,3,0.94
85,13,36:20:f9:a1:88:56,CSE OFFICE,3,-68.0,0.0,-68.0,3,0.0
85,13,36:20:f9:a1:8b:8e,CSE OFFICE,2,-76.0,0.0,-76.0,2,0.0
85,13,26:2f:d0:88:39:a2,IAC,1,-74.0,0.0,-74.0,1,0.0
85,13,60:63:4c:31:37:60,CSE-306,1,-78.0,0.0,-78.0,1,0.0
85,13,30:b5:c2:ea:5b:44,DataLab@BUET,4,-81.5,0.87,-81.5,4,0.87
86,20,36:20:f9:a1:88:62,CSE OFFICE,14,-67.64,6.33,-65.78,9,0.79
86,20,18:0f:76:c3:06:8d,CSE-304,19,-58.16,1.39,-58.25,12,0.83
86,20,36:20:f9:a1:88:56,CSE OFFICE,20,-65.8,1.5,-66.08,12,0.49
86,20,bc:22:28:21:55:6e,CSE-104,15,-69.8,1.17,-69.89,9,0.31
86,20,00:22:b0:05:f3:bc,CSE-204,20,-73.75,3.28,-73.58,12,2.36
86,20,60:63:4c:31:37:40,CSE-303,14,-69.07,1.22,-69.11,9,0.87
86,20,34:e8:94:10:7d:fa,Hall of Fame,14,-84.93,2.15,-85.78,9,0.42
86,20,5e:a9:31:22:bb:0a,CSE-LAB,11,-82.82,1.7,-82.83,6,0.69
86,20,36:20:f9:a1:8b:8e,CSE OFFICE,7,-69.0,2.2,-69.75,4,0.83
86,20,bc:22:28:21:09:ba,CSE-206,12,-72.92,2.56,-73.86,7,0.99
86,20,30:b5:c2:ea:5b:44,DataLab@BUET,8,-80.12,1.54,-80.6,5,0.8
86,20,26:2f:d0:88:39:a2,IAC,6,-81.17,0.9,-81.67,3,0.47
86,20,60:63:4c:31:37:60,CSE-306,6,-84.0,1.53,-84.33,3,1.25
86,20,10:62:eb:77:b7:42,CSE-G04,1,-80.0,0.0,-80.0,1,0.0
87,20,36:20:f9:a1:88:62,CSE OFFICE,17,-49.35,1.19,-49.3,10,0.46
87,20,18:0f:76:c3:06:8d,CSE-304,20,-59.4,1.91,-59.08,12,0.86
87,20,60:63:4c:31:37:40,CSE-303,18,-63.11,1.85,-63.09,11,1.24
87,20,00:22:b0:05:f3:bc,CSE-204,20,-69.05,5.88,-67.58,12,3.8
87,20,36:20:f9:a1:88:56,CSE OFFICE,14,-71.21,4.68,-70.0,9,1.05
87,20,bc:22:28:21:09:ba,CSE-206,13,-66.85,5.22,-66.38,8,1.11
87,20,5e:a9:31:22:bb:0a,CSE-LAB,10,-83.2,4.42,-84.5,6,1.5
87,20,60:63:4c:31:37:60,CSE-306,18,-79.39,2.67,-79.18,11,1.03
87,20,36:20:f9:a1:8b:8e,CSE OFFICE,13,-70.85,2.63,-70.5,8,1.32
87,20,bc:22:28:21:55:6e,CSE-104,14,-79.93,1.49,-80.11,9,1.1
87,20,34:e8:94:10:7d:fa,Hall of Fame,4,-86.25,2.49,-86.25,4,2.49
87,20,26:2f:d0:88:39:a2,IAC,1,-84.0,0.0,-84.0,1,0.0
87,20,30:b5:c2:ea:5b:44,DataLab@BUET,1,-88.0,0.0,-88.0,1,0.0
88,20,bc:22:28:21:09:ba,CSE-206,19,-68.95,2.74,-69.0,12,1.41
88,20,00:22:b0:05:f3:bc,CSE-204,20,-70.8,5.78,-70.08,12,1.66
88,20,5e:a9:31:22:bb:0a,CSE-LAB,8,-79.38,3.97,-81.0,5,1.1
88,20,26:2f:d0:88:39:a2,IAC,9,-75.56,3.4,-76.67,6,1.89
88,20,30:b5:c2:ea:5b:44,DataLab@BUET,6,-82.0,2.31,-81.33,3,0.47
88,20,60:63:4c:31:37:60,CSE-306,7,-82.0,1.6,-82.5,4,0.87
88,20,bc:22:28:21:55:6e,CSE-104,9,-78.33,4.67,-78.83,6,3.18
88,20,36:20:f9:a1:88:62,CSE OFFICE,17,-67.0,3.88,-67.3,10,2.19
88,20,36:20:f9:a1:88:56,CSE OFFICE,15,-73.4,3.03,-73.78,9,1.81
88,20,60:63:4c:31:37:40,CSE-303,8,-72.5,3.87,-73.2,5,1.6
88,20,34:e8:94:10:7d:fa,Hall of Fame,15,-80.27,3.4,-80.33,9,1.83
88,20,18:0f:76:c3:06:8d,CSE-304,12,-64.5,3.25,-65.0,7,2.14
88,20,36:20:f9:a1:8b:8e,CSE OFFICE,10,-75.2,2.48,-75.5,6,1.61
88,20,10:62:eb:77:b7:42,CSE-G04,2,-87.5,1.5,-87.5,2,1.5
89,2,00:22:b0:05:f3:bc,CSE-204,2,-62.0,0.0,-62.0,2,0.0
89,2,bc:22:28:21:55:6e,CSE-104,2,-62.0,0.0,-62.0,2,0.0
89,2,60:63:4c:31:37:40,CSE-303,1,-50.0,0.0,-50.0,1,0.0
89,2,bc:22:28:21:09:21,,1,-62.0,0.0,-62.0,1,0.0
89,2,36:20:f9:a1:88:56,CSE OFFICE,1,-69.0,0.0,-69.0,1,0.0
89,2,36:62:f9:a1:88:63,CSE OFFICE,1,-86.0,0.0,-86.0,1,0.0
90,17,60:63:4c:31:37:40,CSE-303,7,-49.57,3.16,-50.75,4,1.3
90,17,60:63:4c:31:37:48,dlink,17,-73.06,3.64,-72.6,10,1.56
90,17,36:20:f9:a1:8b:8e,CSE OFFICE,1,-73.0,0.0,-73.0,1,0.0
90,17,34:e8:94:10:7d:fa,Hall of Fame,8,-65.5,4.64,-66.2,5,2.64
90,17,36:62:f9:a1:88:57,CSE OFFICE,14,-78.86,3.54,-79.44,9,1.77
90,17,00:22:b0:05:f3:bc,CSE-204,17,-53.18,6.19,-54.3,10,2.24
90,17,5e:a9:31:22:bb:0a,CSE-LAB,6,-64.17,3.18,-65.67,3,1.25
90,17,18:0f:76:c3:06:8d,CSE-304,17,-61.53,2.85,-61.7,10,1.73
90,17,10:62:eb:77:b7:42,CSE-G04,17,-71.76,3.64,-72.1,10,1.64
90,17,30:b5:c2:ea:5b:44,DataLab@BUET,10,-56.2,2.04,-55.83,6,1.07
90,17,36:62:f9:a1:88:63,CSE OFFICE,7,-83.0,0.76,-83.25,4,0.43
90,17,36:20:f9:a1:88:56,CSE OFFICE,3,-56.33,0.47,-56.33,3,0.47
90,17,bc:22:28:21:55:6e,CSE-104,1,-71.0,0.0,-71.0,1,0.0
90,17,60:63:4c:31:37:60,CSE-306,1,-71.0,0.0,-71.0,1,0.0
90,17,26:2f:d0:88:39:a2,IAC,1,-62.0,0.0,-62.0,1,0.0
91,18,60:63:4c:31:37:40,CSE-303,12,-57.75,2.42,-57.86,7,0.83
91,18,60:63:4c:31:37:48,dlink,18,-76.94,3.75,-76.82,11,1.95
91,18,36:20:f9:a1:8b:8e,CSE OFFICE,1,-74.0,0.0,-74.0,1,0.0
91,18,36:62:f9:a1:88:57,CSE OFFICE,12,-82.67,1.75,-83.0,7,1.07
91,18,00:22:b0:05:f3:bc,CSE-204,18,-55.72,5.26,-57.09,11,2.54
91,18,18:0f:76:c3:06:8d,CSE-304,18,-67.06,2.04,-66.91,11,1.08
91,18,10:62:eb:77:b7:42,CSE-G04,18,-74.44,3.17,-74.36,11,1.15
91,18,30:b5:c2:ea:5b:44,DataLab@BUET,14,-55.21,3.03,-55.56,9,2.22
91,18,34:e8:94:10:7d:fa,Hall of Fame,16,-57.5,4.72,-56.44,9,2.22
91,18,bc:22:28:21:55:6e,CSE-104,2,-68.5,0.5,-68.5,2,0.5
91,18,5e:a9:31:22:bb:0a,CSE-LAB,4,-67.0,1.22,-67.0,4,1.22
91,18,60:63:4c:31:37:60,CSE-306,1,-83.0,0.0,-83.0,1,0.0
91,18,36:20:f9:a1:88:56,CSE OFFICE,7,-62.29,1.91,-62.75,4,1.09
91,18,26:2f:d0:88:39:a2,IAC,1,-69.0,0.0,-69.0,1,0.0
92,18,60:63:4c:31:37:48,dlink,18,-74.61,3.87,-75.0,11,1.71
92,18,36:20:f9:a1:8b:8e,CSE OFFICE,5,-60.6,1.85,-60.67,3,1.25
92,18,60:63:4c:31:37:60,CSE-306,3,-62.67,5.91,-62.67,3,5.91
92,18,36:62:f9:a1:88:63,CSE OFFICE,10,-73.6,2.42,-73.17,6,1.21
92,18,00:22:b0:05:f3:bc,CSE-204,18,-65.56,6.83,-66.73,11,3.36
92,18,18:0f:76:c3:06:8d,CSE-304,18,-57.17,3.2,-57.27,11,1.42
92,18,10:62:eb:77:b7:42,CSE-G04,18,-66.94,4.71,-67.36,11,2.8
92,18,bc:22:28:21:55:6e,CSE-104,6,-61.5,3.73,-62.33,3,2.49
92,18,30:b5:c2:ea:5b:44,DataLab@BUET,4,-68.25,2.49,-68.25,4,2.49
92,18,60:63:4c:31:37:40,CSE-303,6,-56.33,2.21,-57.0,3,0.82
92,18,36:20:f9:a1:88:62,CSE OFFICE,5,-53.4,1.85,-53.33,3,1.25
92,18,26:2f:d0:88:39:a2,IAC,1,-69.0,0.0,-69.0,1,0.0
93,18,60:63:4c:31:37:48,dlink,18,-70.0,3.5,-69.55,11,1.67
93,18,36:62:f9:a1:88:63,CSE OFFICE,16,-78.25,3.01,-78.56,9,1.95
93,18,36:20:f9:a1:88:56,CSE OFFICE,4,-58.75,3.03,-58.75,4,3.03
93,18,00:22:b0:05:f3:bc,CSE-204,18,-61.56,2.29,-61.73,11,1.14
93,18,5e:a9:31:22:bb:0a,CSE-LAB,2,-66.0,3.0,-66.0,2,3.0
93,18,18:0f:76:c3:06:8d,CSE-304,18,-55.06,3.81,-55.09,11,1.68
93,18,10:62:eb:77:b7:42,CSE-G04,18,-69.33,3.16,-69.45,11,1.67
93,18,60:63:4c:31:37:40,CSE-303,11,-50.55,3.06,-51.33,6,1.49
93,18,bc:22:28:21:55:6e,CSE-104,6,-61.17,1.57,-61.33,3,0.47
93,18,36:20:f9:a1:8b:8e,CSE OFFICE,3,-65.33,2.05,-65.33,3,2.05
93,18,34:e8:94:10:7d:fa,Hall of Fame,5,-73.2,1.17,-73.0,3,0.82
93,18,36:20:f9:a1:88:62,CSE OFFICE,2,-59.0,2.0,-59.0,2,2.0
93,18,36:62:f9:a1:88:57,CSE OFFICE,3,-82.0,0.82,-82.0,3,0.82
93,18,30:b5:c2:ea:5b:44,DataLab@BUET,2,-65.5,2.5,-65.5,2,2.5
93,18,bc:22:28:21:09:24,CSE-205,1,-54.0,0.0,-54.0,1,0.0
94,20,60:63:4c:31:37:40,CSE-303,20,-57.4,4.54,-57.33,12,1.8
94,20,18:0f:76:c3:06:8d,CSE-304,15,-54.0,4.55,-53.11,9,0.57
94,20,bc:22:28:21:55:6e,CSE-104,17,-67.18,6.16,-67.3,10,2.05
94,20,00:22:b0:05:f3:bc,CSE-204,20,-66.5,5.57,-66.33,12,3.5
94,20,36:20:f9:a1:88:62,CSE OFFICE,19,-57.47,8.47,-57.92,12,4.23
94,20,10:62:eb:77:b7:42,CSE-G04,7,-73.86,5.74,-76.5,4,0.5
94,20,5e:a9:31:22:bb:0a,CSE-LAB,13,-71.08,2.95,-71.0,8,2.12
94,20,26:2f:d0:88:39:a2,IAC,3,-79.33,5.44,-79.33,3,5.44
94,20,30:b5:c2:ea:5b:44,DataLab@BUET,9,-71.11,3.11,-71.67,6,2.13
94,20,36:20:f9:a1:8b:8e,CSE OFFICE,10,-69.6,7.64,-67.17,6,1.46
94,20,60:63:4c:31:37:60,CSE-306,16,-69.69,3.64,-69.78,9,0.42
94,20,36:20:f9:a1:88:56,CSE OFFICE,8,-69.88,4.26,-70.8,5,1.94
94,20,34:e8:94:10:7d:fa,Hall of Fame,4,-83.75,1.64,-83.75,4,1.64
94,20,bc:22:28:21:09:ba,CSE-206,5,-68.2,2.23,-69.0,3,0.82
95,20,10:62:eb:77:b7:42,CSE-G04,2,-69.0,9.0,-69.0,2,9.0
95,20,18:0f:76:c3:06:8d,CSE-304,15,-61.6,2.27,-61.44,9,1.26
95,20,30:b5:c2:ea:5b:44,DataLab@BUET,19,-62.0,2.73,-62.25,12,1.59
95,20,00:22:b0:05:f3:bc,CSE-204,20,-63.4,4.2,-63.08,12,1.93
95,20,34:e8:94:10:7d:fa,Hall of Fame,18,-72.72,3.48,-72.27,11,1.29
95,20,60:63:4c:31:37:40,CSE-303,17,-59.18,3.36,-60.0,10,1.41
95,20,36:20:f9:a1:88:56,CSE OFFICE,14,-69.21,2.43,-69.56,9,0.96
95,20,5e:a9:31:22:bb:0a,CSE-LAB,9,-73.22,4.92,-73.83,6,2.97
95,20,60:63:4c:31:37:60,CSE-306,9,-78.78,4.18,-79.67,6,2.75
95,20,bc:22:28:21:55:6e,CSE-104,13,-70.62,2.1,-70.88,8,1.45
95,20,36:20:f9:a1:88:62,CSE OFFICE,10,-65.5,5.16,-65.5,6,2.22
95,20,26:2f:d0:88:39:a2,IAC,2,-76.5,3.5,-76.5,2,3.5
95,20,36:20:f9:a1:8b:8e,CSE OFFICE,5,-78.6,3.01,-78.67,3,1.25
95,20,bc:22:28:21:09:ba,CSE-206,7,-72.14,3.36,-72.75,4,2.38
96,20,60:63:4c:31:37:48,dlink,20,-76.0,1.38,-75.92,12,0.28
96,20,30:b5:c2:ea:5b:44,DataLab@BUET,12,-55.75,2.55,-56.57,7,1.4
96,20,34:e8:94:10:7d:fa,Hall of Fame,12,-69.08,5.01,-70.43,7,1.5
96,20,26:2f:d0:88:39:a2,IAC,1,-77.0,0.0,-77.0,1,0.0
96,20,bc:22:28:21:09:ba,CSE-206,20,-68.1,2.28,-67.83,12,0.9
96,20,36:20:f9:a1:88:56,CSE OFFICE,11,-66.55,2.54,-67.17,6,0.69
96,20,60:63:4c:31:37:40,CSE-303,8,-61.12,1.62,-61.2,5,1.17
96,20,00:22:b0:05:f3:bc,CSE-204,18,-57.17,3.29,-57.73,11,2.42
96,20,bc:22:28:21:55:6e,CSE-104,5,-76.6,1.62,-76.33,3,1.25
96,20,5e:a9:31:22:bb:0a,CSE-LAB,8,-67.12,2.15,-68.0,5,0.63
96,20,36:20:f9:a1:88:62,CSE OFFICE,1,-71.0,0.0,-71.0,1,0.0
96,20,36:62:f9:a1:88:63,CSE OFFICE,7,-84.57,0.73,-84.5,4,0.5
96,20,36:62:f9:a1:88:57,CSE OFFICE,7,-84.0,0.76,-84.25,4,0.43
96,20,00:1e:2a:ba:c8:20,CSE-401,3,-76.0,0.82,-76.0,3,0.82
96,20,60:63:4c:31:37:60,CSE-306,2,-72.5,0.5,-72.5,2,0.5
96,20,bc:22:28:21:55:6b,CSE-104,1,-85.0,0.0,-85.0,1,0.0
96,20,10:62:eb:77:b7:42,CSE-G04,1,-78.0,0.0,-78.0,1,0.0
97,20,60:63:4c:31:37:40,CSE-303,20,-58.35,2.24,-58.5,12,0.5
97,20,60:63:4c:31:37:48,dlink,20,-67.55,0.92,-67.33,12,0.47
97,20,36:20:f9:a1:8b:8e,CSE OFFICE,1,-69.0,0.0,-69.0,1,0.0
97,20,34:e8:94:10:7d:fa,Hall of Fame,7,-75.0,4.96,-75.5,4,4.5
97,20,60:63:4c:31:37:60,CSE-306,20,-65.05,2.8,-65.25,12,1.01
97,20,36:20:f9:a1:88:62,CSE OFFICE,18,-53.61,1.06,-53.64,11,0.48
97,20,36:62:f9:a1:88:63,CSE OFFICE,17,-76.12,1.81,-75.8,10,0.4
97,20,bc:22:28:21:09:ba,CSE-206,16,-71.38,3.3,-72.22,9,0.79
97,20,00:22:b0:05:f3:bc,CSE-204,18,-66.44,1.5,-66.36,11,0.77
97,20,bc:22:28:21:55:6e,CSE-104,19,-56.0,3.01,-55.25,12,0.43
97,20,5e:a9:31:22:bb:0a,CSE-LAB,12,-70.33,2.62,-71.14,7,0.99
97,20,18:0f:76:c3:06:8d,CSE-304,16,-54.38,1.27,-54.56,9,0.83
97,20,10:62:eb:77:b7:42,CSE-G04,7,-66.86,2.7,-66.5,4,0.5
97,20,30:b5:c2:ea:5b:44,DataLab@BUET,14,-59.93,3.75,-59.22,9,0.42
97,20,bc:22:28:21:55:6b,CSE-104,18,-65.5,0.96,-65.27,11,0.45
97,20,26:2f:d0:88:39:a2,IAC,7,-69.57,0.49,-69.75,4,0.43
97,20,36:20:f9:a1:88:56,CSE OFFICE,18,-60.67,1.05,-60.82,11,0.72
97,20,00:1e:2a:ba:c8:20,CSE-401,3,-81.33,0.47,-81.33,3,0.47
97,20,36:62:f9:a1:88:57,CSE OFFICE,6,-85.17,1.07,-85.33,3,0.47
98,20,60:63:4c:31:37:40,CSE-303,20,-53.2,0.93,-53.33,12,0.47
98,20,60:63:4c:31:37:48,dlink,20,-67.25,0.54,-67.17,12,0.37
98,20,30:b5:c2:ea:5b:44,DataLab@BUET,20,-56.8,1.69,-56.67,12,0.94
98,20,bc:22:28:21:55:6b,CSE-104,20,-76.55,0.97,-76.58,12,0.49
98,20,60:63:4c:31:37:60,CSE-306,16,-67.19,2.6,-67.11,9,1.45
98,20,36:20:f9:a1:88:62,CSE OFFICE,9,-60.33,1.63,-60.5,6,1.26
98,20,36:62:f9:a1:88:63,CSE OFFICE,7,-82.57,1.18,-83.0,4,0.0
98,20,26:2f:d0:88:39:a2,IAC,18,-58.83,2.06,-59.09,11,0.9
98,20,36:62:f9:a1:88:57,CSE OFFICE,10,-83.6,0.8,-83.67,6,0.47
98,20,bc:22:28:21:09:ba,CSE-206,19,-67.58,0.75,-67.58,12,0.49
98,20,36:20:f9:a1:88:56,CSE OFFICE,16,-59.25,2.05,-59.22,9,0.79
98,20,00:22:b0:05:f3:bc,CSE-204,20,-62.75,2.14,-63.17,12,1.14
98,20,bc:22:28:21:55:6e,CSE-104,20,-62.75,0.89,-62.67,12,0.47
98,20,5e:a9:31:22:bb:0a,CSE-LAB,11,-70.73,1.96,-71.33,6,0.47
98,20,18:0f:76:c3:06:8d,CSE-304,18,-55.0,0.88,-55.18,11,0.39
98,20,10:62:eb:77:b7:42,CSE-G04,10,-70.4,0.92,-70.17,6,0.37
98,20,36:20:f9:a1:8b:8e,CSE OFFICE,2,-72.5,0.5,-72.5,2,0.5
98,20,34:e8:94:10:7d:fa,Hall of Fame,16,-62.81,2.92,-62.44,9,1.77
98,20,00:1e:2a:ba:c8:20,CSE-401,5,-66.4,3.88,-65.0,3,0.0
98,20,70:4c:a5:95:b6:00,BUET-Free-WiFi,3,-83.0,0.82,-83.0,3,0.82
99,20,60:63:4c:31:37:40,CSE-303,14,-53.93,1.33,-54.11,9,0.74
99,20,60:63:4c:31:37:48,dlink,20,-72.15,0.96,-72.08,12,0.28
99,20,30:b5:c2:ea:5b:44,DataLab@BUET,18,-61.22,1.9,-61.36,11,1.23
99,20,36:20:f9:a1:8b:8e,CSE OFFICE,5,-75.2,0.98,-75.33,3,0.94
99,20,34:e8:94:10:7d:fa,Hall of Fame,20,-64.85,4.96,-65.0,12,3.32
99,20,bc:22:28:21:55:6b,CSE-104,2,-82.0,0.0,-82.0,2,0.0
99,20,60:63:4c:31:37:60,CSE-306,7,-75.86,2.03,-76.0,4,1.73
99,20,36:20:f9:a1:88:62,CSE OFFICE,11,-68.09,2.5,-68.5,6,1.26
99,20,36:62:f9:a1:88:63,CSE OFFICE,3,-85.0,0.0,-85.0,3,0.0
99,20,36:62:f9:a1:88:57,CSE OFFICE,20,-77.3,1.38,-76.92,12,0.49
99,20,bc:22:28:21:09:ba,CSE-206,20,-70.3,1.82,-70.33,12,0.62
99,20,36:20:f9:a1:88:56,CSE OFFICE,19,-55.21,4.3,-54.0,12,1.15
99,20,00:22:b0:05:f3:bc,CSE-204,20,-53.05,5.77,-53.17,12,4.49
99,20,bc:22:28:21:55:6e,CSE-104,19,-67.37,1.18,-67.17,12,0.37
99,20,5e:a9:31:22:bb:0a,CSE-LAB,4,-66.75,2.28,-66.75,4,2.28
99,20,18:0f:76:c3:06:8d,CSE-304,6,-63.83,2.19,-64.67,3,0.47
99,20,00:1e:2a:ba:c8:20,CSE-401,2,-79.0,2.0,-79.0,2,2.0
99,20,10:62:eb:77:b7:42,CSE-G04,2,-75.5,0.5,-75.5,2,0.5
100,20,60:63:4c:31:37:40,CSE-303,12,-60.75,1.01,-61.0,7,0.0
100,20,60:63:4c:31:37:48,dlink,20,-76.25,0.62,-76.08,12,0.28
100,20,30:b5:c2:ea:5b:44,DataLab@BUET,17,-55.24,2.88,-55.7,10,1.0
100,20,34:e8:94:10:7d:fa,Hall of Fame,18,-55.06,1.39,-55.36,11,0.77
100,20,36:20:f9:a1:88:62,CSE OFFICE,3,-63.67,6.18,-63.67,3,6.18
100,20,36:62:f9:a1:88:63,CSE OFFICE,1,-87.0,0.0,-87.0,1,0.0
100,20,36:62:f9:a1:88:57,CSE OFFICE,19,-79.16,0.67,-79.08,12,0.28
100,20,bc:22:28:21:09:ba,CSE-206,20,-70.25,1.58,-70.58,12,0.49
100,20,36:20:f9:a1:88:56,CSE OFFICE,13,-60.46,3.86,-61.12,8,3.06
100,20,00:22:b0:05:f3:bc,CSE-204,19,-57.95,3.36,-58.5,12,2.02
100,20,bc:22:28:21:55:6e,CSE-104,13,-73.69,1.68,-74.0,8,1.0
100,20,5e:a9:31:22:bb:0a,CSE-LAB,6,-63.67,1.8,-64.67,3,0.47
100,20,36:20:f9:a1:8b:8e,CSE OFFICE,2,-78.0,2.0,-78.0,2,2.0
100,20,60:63:4c:31:37:60,CSE-306,2,-76.0,5.0,-76.0,2,5.0
100,20,18:0f:76:c3:06:8d,CSE-304,1,-64.0,0.0,-64.0,1,0.0
100,20,bc:22:28:21:55:6b,CSE-104,3,-84.0,0.0,-84.0,3,0.0
100,20,26:2f:d0:88:39:a2,IAC,2,-75.5,0.5,-75.5,2,0.5
101,20,60:63:4c:31:37:48,dlink,20,-71.65,1.15,-71.42,12,0.49
101,20,bc:22:28:21:55:6b,CSE-104,19,-61.11,0.72,-61.25,12,0.43
101,20,36:62:f9:a1:88:63,CSE OFFICE,15,-78.0,1.26,-78.22,9,0.63
101,20,bc:22:28:21:09:ba,CSE-206,20,-74.55,2.4,-74.5,12,1.5
101,20,00:22:b0:05:f3:bc,CSE-204,16,-67.0,2.87,-67.78,9,0.63
101,20,bc:22:28:21:55:6e,CSE-104,18,-51.0,1.6,-50.64,11,0.48
101,20,60:63:4c:31:37:40,CSE-303,11,-51.36,2.64,-51.83,6,1.07
101,20,30:b5:c2:ea:5b:44,DataLab@BUET,10,-63.8,1.83,-63.83,6,0.69
101,20,36:20:f9:a1:88:56,CSE OFFICE,8,-67.0,0.87,-67.2,5,0.4
101,20,10:62:eb:77:b7:42,CSE-G04,15,-57.33,1.19,-57.11,9,0.57
101,20,18:0f:76:c3:06:8d,CSE-304,8,-57.0,2.0,-57.0,5,1.1
101,20,5e:a9:31:22:bb:0a,CSE-LAB,1,-78.0,0.0,-78.0,1,0.0
101,20,60:63:4c:31:37:60,CSE-306,5,-70.2,1.72,-70.67,3,0.47
101,20,36:20:f9:a1:88:62,CSE OFFICE,8,-58.75,2.73,-59.4,5,1.5
101,20,00:1e:2a:ba:c8:20,CSE-401,1,-81.0,0.0,-81.0,1,0.0
101,20,34:e8:94:10:7d:fa,Hall of Fame,4,-74.75,5.12,-74.75,4,5.12
101,20,36:62:f9:a1:88:57,CSE OFFICE,1,-85.0,0.0,-85.0,1,0.0
101,20,36:20:f9:a1:8b:8e,CSE OFFICE,1,-69.0,0.0,-69.0,1,0.0
102,20,60:63:4c:31:37:40,CSE-303,15,-58.33,2.02,-57.89,9,0.74
102,20,60:63:4c:31:37:48,dlink,20,-71.3,1.05,-71.25,12,0.43
102,20,30:b5:c2:ea:5b:44,DataLab@BUET,14,-58.29,1.71,-58.33,9,1.15
102,20,bc:22:28:21:55:6b,CSE-104,7,-78.57,0.73,-78.5,4,0.5
102,20,36:20:f9:a1:88:62,CSE OFFICE,10,-58.1,2.39,-57.83,6,1.07
102,20,36:62:f9:a1:88:63,CSE OFFICE,20,-74.2,1.36,-74.0,12,0.0
102,20,36:62:f9:a1:88:57,CSE OFFICE,20,-79.85,0.73,-79.75,12,0.43
102,20,bc:22:28:21:09:ba,CSE-206,20,-69.75,1.34,-69.5,12,0.5
102,20,00:22:b0:05:f3:bc,CSE-204,20,-63.7,2.08,-63.83,12,1.14
102,20,bc:22:28:21:55:6e,CSE-104,14,-69.29,1.44,-69.44,9,0.83
102,20,5e:a9:31:22:bb:0a,CSE-LAB,1,-71.0,0.0,-71.0,1,0.0
102,20,00:1e:2a:ba:c8:20,CSE-401,1,-72.0,0.0,-72.0,1,0.0
102,20,34:e8:94:10:7d:fa,Hall of Fame,7,-69.86,5.49,-72.75,4,1.64
102,20,18:0f:76:c3:06:8d,CSE-304,4,-59.25,1.09,-59.25,4,1.09
102,20,36:20:f9:a1:88:56,CSE OFFICE,5,-59.8,3.66,-60.67,3,2.62
102,20,60:63:4c:31:37:60,CSE-306,2,-66.5,5.5,-66.5,2,5.5
102,20,36:20:f9:a1:8b:8e,CSE OFFICE,1,-73.0,0.0,-73.0,1,0.0
102,20,10:62:eb:77:b7:42,CSE-G04,1,-74.0,0.0,-74.0,1,0.0
102,20,26:2f:d0:88:39:a2,IAC,2,-69.5,0.5,-69.5,2,0.5
103,20,60:63:4c:31:37:40,CSE-303,12,-54.42,2.53,-54.14,7,0.64
103,20,60:63:4c:31:37:48,dlink,20,-63.05,0.38,-63.0,12,0.0
103,20,30:b5:c2:ea:5b:44,DataLab@BUET,13,-57.31,3.24,-58.12,8,1.62
103,20,36:20:f9:a1:88:62,CSE OFFICE,5,-60.6,1.62,-60.33,3,1.25
103,20,36:62:f9:a1:88:57,CSE OFFICE,20,-78.85,1.24,-79.0,12,0.41
103,20,bc:22:28:21:09:ba,CSE-206,20,-69.7,1.14,-69.58,12,0.49
103,20,36:20:f9:a1:88:56,CSE OFFICE,15,-56.2,0.98,-56.11,9,0.31
103,20,00:22:b0:05:f3:bc,CSE-204,20,-55.9,1.34,-56.0,12,0.82
103,20,bc:22:28:21:55:6e,CSE-104,8,-76.12,1.54,-76.6,5,0.8
103,20,34:e8:94:10:7d:fa,Hall of Fame,14,-68.07,2.55,-68.89,9,1.29
103,20,18:0f:76:c3:06:8d,CSE-304,2,-62.5,1.5,-62.5,2,1.5
103,20,36:62:f9:a1:88:63,CSE OFFICE,10,-82.6,1.11,-82.67,6,0.47
103,20,60:63:4c:31:37:60,CSE-306,3,-68.67,4.03,-68.67,3,4.03
103,20,bc:22:28:21:55:6b,CSE-104,4,-83.5,0.5,-83.5,4,0.5
103,20,10:62:eb:77:b7:42,CSE-G04,2,-64.5,1.5,-64.5,2,1.5
104,20,60:63:4c:31:37:40,CSE-303,12,-63.75,2.01,-64.14,7,0.64
104,20,60:63:4c:31:37:48,dlink,20,-79.4,0.97,-79.17,12,0.37
104,20,30:b5:c2:ea:5b:44,DataLab@BUET,12,-57.42,2.1,-57.29,7,1.28
104,20,34:e8:94:10:7d:fa,Hall of Fame,16,-57.62,0.78,-57.67,9,0.47
104,20,36:20:f9:a1:88:62,CSE OFFICE,2,-69.0,5.0,-69.0,2,5.0
104,20,36:62:f9:a1:88:57,CSE OFFICE,20,-79.25,1.22,-79.17,12,0.37
104,20,bc:22:28:21:09:ba,CSE-206,20,-71.9,1.58,-71.92,12,0.76
104,20,36:20:f9:a1:88:56,CSE OFFICE,13,-60.23,1.42,-60.62,8,0.48
104,20,00:22:b0:05:f3:bc,CSE-204,19,-57.37,1.95,-57.42,12,1.26
104,20,bc:22:28:21:55:6e,CSE-104,9,-77.78,3.12,-78.83,6,1.67
104,20,18:0f:76:c3:06:8d,CSE-304,1,-60.0,0.0,-60.0,1,0.0
104,20,26:2f:d0:88:39:a2,IAC,1,-80.0,0.0,-80.0,1,0.0
104,20,5e:a9:31:22:bb:0a,CSE-LAB,4,-71.25,1.48,-71.25,4,1.48
104,20,10:62:eb:77:b7:42,CSE-G04,3,-71.67,1.25,-71.67,3,1.25
104,20,60:63:4c:31:37:60,CSE-306,2,-71.0,2.0,-71.0,2,2.0
104,20,00:1e:2a:ba:c8:20,CSE-401,4,-69.0,0.71,-69.0,4,0.71
104,20,bc:22:28:21:55:6b,CSE-104,1,-84.0,0.0,-84.0,1,0.0
